{
  "N": 14,
  "c_{i j}": [
    [
      16.227915796450116,
      9.094815861945177,
      38.70189970376657,
      46.23898473031119,
      40.688373455460344,
      11.668638131158392,
      27.590204138690638,
      45.57657804288709,
      14.830900470556758,
      9.636047155431953,
      40.02569248823002,
      7.761057771989205,
      8.20220827069077,
      20.96121112988666
    ],
    [
      8.606695567097706,
      42.02840607378025,
      25.456814489168394,
      5.2652804267180215,
      10.669501098381911,
      14.852944010923263,
      18.005778341490913,
      40.313341649236364,
      2.6568564053819186,
      48.082054634888095,
      30.18301053568568,
      14.615751339403287,
      34.82343772701141,
      38.991801460308054
    ],
    [
      49.430787524220946,
      41.53918662258451,
      41.93787616650767,
      21.670061588743373,
      17.393381795695582,
      22.87861625786173,
      5.264186625669448,
      41.01082330465772,
      9.937815504203085,
      38.66245284211785,
      29.415046241667913,
      42.44306046823299,
      0.9032969217184716,
      38.216271211484695
    ],
    [
      33.39951842149617,
      6.96233900845733,
      5.151009099065967,
      48.24029620238692,
      12.4939275413748,
      18.107532616588163,
      6.448353244563782,
      11.390423075997107,
      18.753586747022226,
      48.22504223230428,
      17.03874944953259,
      21.00151548527622,
      29.015816064439687,
      9.853947258221835
    ],
    [
      11.827285068211001,
      47.66935963960968,
      19.476377587409814,
      6.893201166269053,
      44.585089089834504,
      45.51169566412806,
      40.45593922435105,
      14.184484451447771,
      3.9928189597366384,
      12.559693498374275,
      18.410939511852714,
      10.442243784481754,
      0.7860318271930455,
      23.72009039288606
    ],
    [
      18.186006424948925,
      33.846115692179026,
      0.46320535154708575,
      41.97548138840744,
      4.103957016248766,
      23.82368169610622,
      9.591392980009516,
      6.79409032688687,
      49.99421615997911,
      16.945169317766567,
      9.663824493774259,
      8.998772020705797,
      49.0196199652312,
      0.44297287648486505
    ],
    [
      26.84711450327478,
      35.99035785432756,
      0.8229625592926726,
      36.50006010287993,
      9.735317747703409,
      11.199365602486871,
      31.177836671831173,
      9.171029209366633,
      29.912666651186203,
      40.39572459026154,
      25.15408608309,
      28.616912770952556,
      19.334834518341992,
      8.53392538552747
    ],
    [
      23.539345039771426,
      29.34047240578353,
      45.90329817137061,
      1.2429302965938471,
      26.292665309508244,
      1.3232293121966943,
      34.37050248678327,
      13.09972571437365,
      4.227012500758093,
      31.96361401560975,
      44.21294942947439,
      45.03603656888878,
      3.7120241910612197,
      20.266843577505846
    ],
    [
      38.07199391719099,
      26.892614745132775,
      29.428493491116587,
      48.65096242130244,
      49.79195504386769,
      32.200138596298224,
      3.8130049903550067,
      41.0750580738777,
      38.85375337473824,
      34.59480022946394,
      4.847302828670247,
      38.43847966484771,
      42.20531118706217,
      4.572302716989107
    ],
    [
      11.381073442103162,
      23.396405517676698,
      34.770832691810405,
      47.91954276074252,
      24.41145580392041,
      46.11589442396642,
      30.751160380356435,
      40.115453506500515,
      13.264183635910099,
      35.203470674622736,
      36.048246745065015,
      48.795673310672846,
      39.46319027889506,
      39.761586857724005
    ],
    [
      8.438817623070289,
      37.66164418148883,
      25.432611987973132,
      21.13980409163616,
      11.82558274449158,
      4.523385489120418,
      23.194168433571072,
      34.22538789361976,
      24.73282914853091,
      12.804024012780879,
      47.74896843953497,
      22.528922981748185,
      49.67871002013198,
      32.793859255871446
    ],
    [
      7.917432988766149,
      4.435667993997866,
      36.80269906524736,
      35.08650917859695,
      10.058247214846444,
      33.73861434929821,
      5.793754253561439,
      28.094043640254938,
      39.20905515183695,
      16.708694374257345,
      27.77322915746245,
      24.76951040485708,
      19.116042683670553,
      46.02163796905637
    ],
    [
      24.385770967175937,
      31.87750835880234,
      46.41657648017631,
      5.396950833880293,
      26.05593214534055,
      19.601432105369092,
      19.481494295067048,
      8.96763877426206,
      32.41883645444547,
      36.40542607730738,
      35.28157705888823,
      25.695581114311057,
      9.805283588796222,
      3.9926264242918617
    ],
    [
      22.773896941431136,
      16.549035437639475,
      19.207933487434502,
      21.32979558361537,
      17.192896690498884,
      22.844218480912964,
      20.902981646667733,
      19.164798046445092,
      33.036678840445006,
      31.798510020282013,
      18.090068332624014,
      9.860891967161367,
      39.4697587238406,
      7.944350717694077
    ]
  ],