{
  "N": 11,
  "K": 7,
  "c_{ij}": [
    [
      6.835317836076022,
      30.238806251745775,
      2.645682655003351,
      44.753541516599086,
      32.366183469803,
      17.89278860916404,
      22.634592134964898,
      18.138848975684237,
      39.16966586105106,
      37.29897749788199,
      29.6165837009916
    ],
    [
      49.77661938275482,
      8.170460356792193,
      34.34920938295936,
      24.794597885211857,
      10.114909709916459,
      11.536929618675728,
      27.84096759169937,
      35.29350051654374,
      17.229816272120207,
      49.439171668469,
      28.263242906960656
    ],
    [
      44.711721643480914,
      23.5123950794124,
      16.76907163603567,
      45.5725385846111,
      9.428272582091235,
      47.33240629584394,
      47.51246080904214,
      24.6944661124131,
      28.29830716438088,
      1.4058410870069205,
      0.8016802526671918
    ],
    [
      46.463278605784794,
      8.147956620455988,
      49.54955355228211,
      4.497268404416088,
      27.09325429470728,
      8.868857036314171,
      1.6256355783807186,
      37.49741242586824,
      12.896158474520242,
      37.53168633680173,
      22.945248444785932
    ],
    [
      40.026887697656896,
      45.95416931087441,
      0.25720909717064644,
      5.828610643990473,
      16.44621912636921,
      39.2317398562774,
      35.86508837678255,
      43.400961200613104,
      30.357878833994928,
      42.15901221491885,
      33.143201238952834
    ],
    [
      15.888813360144471,
      46.54360696495607,
      45.188345193165624,
      43.491843698833996,
      25.098410419271993,
      32.74262268545415,
      16.42052309005121,
      25.372229380771792,
      33.715782592530985,
      17.54224451064524,
      47.133783455102474
    ],
    [
      19.119361312146125,
      38.73493663027191,
      7.163991984036732,
      36.11887091943339,
      34.268065941203616,
      24.85004646349727,
      8.109360166918373,
      6.040483054188211,
      10.282033777013144,
      48.394877046224494,
      34.41089724696256
    ],
    [
      16.39951178781447,
      21.07192196463594,
      35.29683918845631,
      1.7705719784017027,
      22.563508413191023,
      20.56537952751889,
      14.839708168936955,
      25.82592203430719,
      12.060466967208644,
      44.455292102485544,
      47.36147785961719
    ],
    [
      29.178459488654795,
      12.728830356610304,
      9.734326632012568,
      26.13690813034289,
      8.643254983009014,
      35.905490905896755,
      5.629192946932876,
      38.88990389302707,
      8.982870457789366,
      21.091050679905965,
      10.227916314540252
    ],
    [
      27.11407348460746,
      43.833615539815064,
      24.761203568375084,
      45.55575440453353,
      21.422465857669575,
      6.128658293497191,
      4.85668291992668,
      21.754114912497624,
      27.440827484536484,
      7.506009971049887,
      35.71857997976624
    ],
    [
      26.270948628723627,
      14.207105203167359,
      1.2911996053735775,
      12.289659398238978,
      3.01662355549111,
      44.142452393370085,
      22.00624117012937,
      25.482562926487695,
      2.3445646081212965,
      24.550850531516687,
      3.756023975863265
    ]
  ]
}