{
  "F": 6,
  "C": 24,
  "f_{i}": [
    19.399313355893366,
    6.490148594419382,
    18.546863513022288,
    4.065615273249662,
    12.91264884012292,
    18.505354318702892
  ],
  "c_{ij}": [
    [
      14.03213183348625,
      20.520096037847825,
      39.53826161973385,
      17.51294202748322,
      20.46503974998899,
      8.579735144973172,
      15.357090628557307,
      8.457615406866209,
      44.2847277512387,
      0.49460253377248686,
      34.87852731705107,
      5.964859968849861,
      16.45102916514924,
      47.980144242695516,
      46.639896870861385,
      12.136452003702242,
      12.775599208535315,
      2.4009675740957412,
      24.970886154029433,
      33.74551777787714,
      6.527194124602792,
      14.565089640968681,
      16.51455171266268,
      30.0762495732437
    ],
    [
      16.205354867573803,
      2.6531278408965298,
      11.684954452327927,
      27.126378542216266,
      40.47124413039786,
      32.55781390511695,
      12.529919428845881,
      26.271143962244803,
      31.688883196860935,
      6.511225435525003,
      48.27850130265855,
      22.298972910723275,
      20.22865726761886,
      30.14285176980801,
      2.964821987590022,
      0.9123617081928048,
      43.83406548138631,
      29.61009240032999,
      22.36960998169651,
      7.921526871238766,
      14.435850733363276,
      31.53056201675963,
      25.337551478315635,
      12.597497343008357
    ],
    [
      41.5672615795411,
      18.402885281558596,
      40.56629433532992,
      18.12292713536305,
      24.226376655009418,
      26.788977223085737,
      18.958613863533213,
      5.523675586309373,
      10.897087143142215,
      1.8093291951520818,
      30.000492497857884,
      34.397375454083246,
      26.540503564133072,
      10.672428417831275,
      28.840824986903986,
      11.116272289289142,
      41.008716582383634,
      10.32737824789391,
      20.207666674986807,
      9.30345590454661,
      20.481325287011803,
      17.928098028013334,
      22.873604371747497,
      1.996615473568053
    ],
    [
      38.07354648730484,
      28.8647202137086,
      1.7058644450350602,
      7.13867870000251,
      26.3535715797112,
      8.080254362507604,
      3.898635479709689,
      41.686889192743855,
      39.0298788697134,
      35.44747944744374,
      37.55258224886124,
      8.297256576682427,
      24.343506405348897,
      47.178101344502075,
      13.943858181741376,
      39.50959973671892,
      36.27947194420293,
      0.8634388165701945,
      23.99976675313753,
      6.299932459815971,
      45.61039942186293,
      9.455684339891635,
      8.120740867102738,
      15.428290982702187
    ],
    [
      24.740625183888948,
      48.260629797547,
      13.436757659589633,
      7.98355758385127,
      30.84160572433186,
      16.683757300263558,
      37.30393445016014,
      31.56112248372789,
      46.72885879257367,
      2.8213676496644577,
      19.73023416048227,
      45.266608964761986,
      11.324216985574525,
      9.579853690850747,
      8.034501037762487,
      16.808869332532183,
      42.83816594782206,
      7.514051853598352,
      40.13109308924388,
      38.545304271620026,
      16.03986718551412,
      25.48369325729891,
      45.32916584494559,
      33.66651701927973
    ],
    [
      6.663696131662855,
      13.83330903928508,
      35.997489723240186,
      6.965177715602488,
      27.023503033217178,
      2.7589056954971714,
      25.83994416893029,
      7.199788698401627,
      4.43262811038122,
      8.26903710601679,
      49.305768127429836,
      21.569040517188647,
      0.019229276364829406,
      35.49172910497537,
      48.894945563122945,
      35.8020565527228,
      23.943748793014574,
      34.40485911347592,
      5.731241338192583,
      32.39225462631323,
      3.299287068042905,
      9.573633122901704,
      20.514164035294137,
      35.00598473010574
    ]
  ]
}