{
  "F": 40,
  "C": 7,
  "f_{i}": [
    7.139994482767648,
    43.326042701495346,
    43.0409024817337,
    17.18816910770023,
    41.20311223477005,
    4.210878665083856,
    24.80846304964293,
    31.191533172249386,
    30.5623558454083,
    47.707951309497204,
    22.063971448156437,
    49.32548484215019,
    32.630945150257254,
    23.718928441275573,
    11.407418718216183,
    27.370414590359843,
    46.82077760559509,
    37.249477062275005,
    48.689242548499294,
    16.329179395473066,
    17.652330023381573,
    49.14083560658556,
    10.673232938241444,
    7.41996635192626,
    17.28963368269436,
    12.56597019217845,
    0.6412752634640362,
    19.259385179979237,
    29.107242257509064,
    19.482147149009933,
    13.591499287854852,
    32.21229261574164,
    23.560127472316488,
    5.145972739310656,
    21.254413354448136,
    28.816355302742124,
    11.62093386156574,
    49.475144173627584,
    43.95395566140824,
    8.873160126133333
  ],
  "c_{ij}": [
    [
      8.873816169454368,
      13.217760305629051,
      3.1003641299675033,
      44.67652283704544,
      38.27244684320877,
      18.74811877495386,
      12.965123858869532
    ],
    [
      21.732543677600958,
      7.487469901621413,
      28.778565373815486,
      14.800259549677941,
      36.28930078027907,
      24.980080080186763,
      43.06160954745143
    ],
    [
      42.41559929050362,
      8.568697912145378,
      30.901476374686354,
      4.169353602441628,
      36.206817801137824,
      42.914233656434355,
      46.39040613508607
    ],
    [
      24.49651070512784,
      13.603350449847929,
      40.712861878447505,
      18.905414075091343,
      14.123558532787017,
      26.337319322529467,
      16.41530300079336
    ],
    [
      25.706988055368978,
      35.240292925082116,
      31.490092032322565,
      26.612124593030934,
      19.80156023772287,
      21.079905383650377,
      2.152579215379302
    ],
    [
      21.713940517701996,
      10.06251011960817,
      21.6374717671087,
      12.116432088959577,
      0.45829682044379316,
      12.666559349700757,
      18.120466394234086
    ],
    [
      27.561177770466607,
      5.983073547886786,
      45.98091080143782,
      31.51521933411524,
      2.8463361806312646,
      0.3037543037053225,
      38.26954850284447
    ],
    [
      14.867507229139237,
      36.52544761251909,
      39.67660894066364,
      9.118208494114155,
      39.43611236863107,
      5.748661601810667,
      4.173197653694177
    ],
    [
      4.128532529625767,
      11.852894848421075,
      34.70079638974889,
      42.04403538214795,
      29.493228339305883,
      1.4830617532576473,
      34.90107410809387
    ],
    [
      18.30717399659663,
      39.97394060095184,
      49.35564450925391,
      38.60777488700818,
      37.94793053670627,
      17.8691231468437,
      5.417591983748632
    ],
    [
      7.865665986010756,
      39.287731713356585,
      6.367713447008616,
      27.06494992414678,
      38.49875281383844,
      4.669780251298262,
      36.092748434825275
    ],
    [
      4.573891015604681,
      36.98254635615683,
      40.648193736144265,
      5.268091861446223,
      38.002979443803746,
      23.549612645995293,
      34.50237098053374
    ],
    [
      1.484926932746028,
      3.339592653322754,
      23.9577906951932,
      1.9838925852586453,
      6.7421886435223675,
      43.007523360045205,
      12.283701912569207
    ],
    [
      7.060966127375651,
      24.41942628450296,
      41.717429066475184,
      47.906547737964274,
      41.29801940271361,
      22.4536652700346,
      2.764052685663282
    ],
    [
      38.21080997669507,
      39.28580095803744,
      8.407538851929285,
      44.71200463009464,
      28.01474470933672,
      28.99936205182413,
      13.525625716421324
    ],
    [
      2.801383333094676,
      15.848977470065845,
      44.02385939142312,
      13.513815610507574,
      2.413604039647338,
      41.4715065049041,
      25.182153548814334
    ],
    [
      3.2509238696092457,
      11.373934437142463,
      47.34307977512824,
      7.843924945445336,
      28.877736242057278,
      37.137090913433504,
      36.57725474710143
    ],
    [
      17.973127977116853,
      41.94432110203278,
      48.96531661147571,
      43.4738277301182,
      36.16119249621845,
      48.607264891390976,
      31.850232772897574
    ],
    [
      44.66276277841851,
      35.04131080646195,
      15.670334186553402,
      28.533449272481988,
      0.6309719683258996,
      3.3823623658213453,
      19.94534563156539
    ],
    [
      7.095057664127396,
      43.25921810569318,
      4.72282135689297,
      20.878679913370817,
      7.122337025304132,
      44.80074579271603,
      26.45821788039503
    ],
    [
      17.883285376670354,
      14.482576279818876,
      13.913417260973121,
      28.389147523420316,
      2.088247010430133,
      39.29074073557857,
      26.402316518281864
    ],
    [
      19.41647557298547,
      28.091898495095137,
      18.43509673039452,
      22.27144699365774,
      1.208802290789679,
      8.831417132787756,
      1.7807489919075492
    ],
    [
      17.680088036727692,
      40.924780786868574,
      20.006196127178903,
      25.271678199074593,
      42.67926515625344,
      19.093681405687114,
      5.346906637247761
    ],
    [
      6.512720737179345,
      4.426395334012156,
      44.1450507329599,
      14.89482756848563,
      19.052896380523247,
      33.70562778639024,
      33.064433274230524
    ],
    [
      3.658171947984151,
      13.497357622747575,
      2.1799042315911397,
      40.54546526764675,
      35.0488888467502,
      28.142255222413205,
      22.13095045842856
    ],
    [
      7.084490989893916,
      25.38360596798914,
      25.072493500008108,
      43.69225528247087,
      47.75513526395731,
      19.220264115850533,
      41.12669282274575
    ],
    [
      20.04543682708514,
      0.6941333022974061,
      8.419918432878426,
      18.174213939668842,
      41.89791732919501,
      35.811554680500976,
      24.529405717619145
    ],
    [
      45.46765914150261,
      9.04729099554703,
      27.69515767219272,
      48.43664346989492,
      49.48507129744516,
      18.38605926282194,
      27.891146110122378
    ],
    [
      22.921469256642258,
      35.122449266211945,
      26.790311059581295,
      46.28108245616577,
      4.261719326215053,
      46.332968419085226,
      22.43101144832245
    ],
    [
      4.418729192611104,
      28.51646299035003,
      31.223083938843693,
      12.761339871307841,
      35.30540377609034,
      23.246714135024867,
      41.073930723516646
    ],
    [
      30.82862297889055,
      34.58675596414296,
      26.333137847849542,
      33.74732420546078,
      28.0045640077489,
      37.0082482768431,
      37.19818110332333
    ],
    [
      46.02397206196429,
      3.3996289663242916,
      17.75940502049014,
      23.35280372012401,
      14.839540932261686,
      7.781221123794352,
      38.908417284881935
    ],
    [
      43.71639795107168,
      39.159427033737735,
      45.90220076702906,
      27.47039078051178,
      21.527126535921838,
      4.889953897040372,
      22.971373392423178
    ],
    [
      11.178069521604483,
      47.60079490912323,
      8.832814246532605,
      8.321171344241208,
      1.8031345984969471,
      44.68872393944631,
      14.673024270145435
    ],
    [
      19.721958687441038,
      5.445240711863275,
      15.863244454708852,
      47.262986950751525,
      46.13721918365076,
      32.52631417710803,
      19.23679572033959
    ],
    [
