{
  "F": 39,
  "C": 4,
  "f_{i}": [
    15.665957561281573,
    15.269571055822407,
    8.338759972680398,
    47.276485260647306,
    46.187675626940496,
    32.0251985209495,
    18.427513428175324,
    26.73426592333691,
    39.76122271201864,
    26.74722804114578,
    11.649506471302267,
    14.339275665967266,
    48.30194804866407,
    9.95443310925218,
    43.4811079244844,
    31.93679374687237,
    5.884877052635878,
    18.50432448161621,
    33.28588740972894,
    19.147116423206157,
    26.26880292374819,
    20.787351555461175,
    14.169760169511608,
    41.58089168603451,
    28.204429312172163,
    43.3442537432197,
    6.727119955311539,
    24.52941600694551,
    7.2150403253032955,
    42.548977827755394,
    21.46131537473333,
    22.2806230461555,
    0.39647619348984753,
    13.571243400114202,
    14.134665555248072,
    30.302905190991407,
    5.6309451131309025,
    7.4924201714403,
    48.66660506747424
  ],
  "c_{ij}": [
    [
      15.914373853537073,
      5.697816068529976,
      32.94554678805891,
      24.700659346344572
    ],
    [
      47.927549273673016,
      6.25088009335466,
      12.65753697168009,
      26.58383934035422
    ],
    [
      6.963463786642732,
      40.41638452902699,
      40.494014339162135,
      9.681736030400673
    ],
    [
      4.644465250076801,
      48.10147575725335,
      24.524289367708057,
      16.22096706011397
    ],
    [
      9.259602941339601,
      23.455059050907543,
      4.182447098958969,
      11.054692314844495
    ],
    [
      35.882418756525865,
      44.3714812416482,
      11.18935417367583,
      36.179425379061215
    ],
    [
      47.631695329455916,
      9.026850992877112,
      38.08543426459068,
      18.393223326901875
    ],
    [
      20.644694690149766,
      47.43128205947363,
      24.285863590425244,
      8.121821148144049
    ],
    [
      10.499954835250719,
      4.263900225180417,
      34.828677080489804,
      48.96831545358212
    ],
    [
      19.121730693195566,
      18.634110045594436,
      16.82883720930977,
      40.07041927764081
    ],
    [
      14.510817096973028,
      18.63920555526026,
      29.424524201392156,
      13.83966435081173
    ],
    [
      2.751358515907243,
      2.2223598983276305,
      30.985953453413686,
      44.87487550725369
    ],
    [
      2.031361878568805,
      6.526792407472576,
      7.3969934646297695,
      0.6477762631331041
    ],
    [
      23.86594507290889,
      47.54261673792959,
      16.177198770270522,
      25.41036903126178
    ],
    [
      27.629283458981714,
      2.798547040535848,
      33.887561473753344,
      37.15356608807103
    ],
    [
      5.785231452846529,
      25.99776086526259,
      34.02531251761662,
      4.413430108063787
    ],
    [
      0.13247983664316232,
      35.31523805734051,
      8.214057499347948,
      5.757547828414166
    ],
    [
      41.888163473637526,
      41.684690864793566,
      45.97192250591454,
      6.974970436076461
    ],
    [
      0.9876507375003452,
      32.60355536661751,
      35.446181437759265,
      13.058021607394437
    ],
    [
      31.036349399094053,
      13.599374871869397,
      31.221174113566164,
      35.68182375358859
    ],
    [
      32.37416800939669,
      9.933188751068233,
      29.806196189231404,
      20.618278955993052
    ],
    [
      44.69994923617751,
      12.668143752611872,
      30.744298160547295,
      42.27230776498927
    ],
    [
      22.670472308386717,
      4.895983436163409,
      32.976597472462096,
      37.975799301344715
    ],
    [
      4.846648109576779,
      31.990729763448993,
      45.97933362882351,
      24.72577927068161
    ],
    [
      28.31104712329794,
      4.271911469901712,
      12.012354934782692,
      43.815556941533295
    ],
    [
      26.728186939777753,
      13.528864598955714,
      41.01807098602424,
      29.678301768471183
    ],
    [
      32.72594685171337,
      47.254935514169496,
      47.42400007071639,
      45.507858380450536
    ],
    [
      18.675954703108854,
      31.59457672869714,
      7.742366675053641,
      1.0289371912854006
    ],
    [
      46.092430450485196,
      43.96577780596896,
      27.911911679116564,
      21.76727908220289
    ],
    [
      16.551861253509053,
      2.7615869727995737,
      43.711432297803185,
      46.55645983783032
    ],
    [
      48.1279103447065,
      40.08131354874552,
      37.50510696855513,
      46.085021815886925
    ],
    [
      23.82955268378632,
      28.026625484679602,
      2.8414437881889745,
      45.92247081036383
    ],
    [
      34.9082591587582,
      27.0786193614037,
      11.938572855512858,
      42.22632410892466
    ],
    [
      33.93749591716516,
      39.11331370699203,
      38.190835104170034,
      12.804694879082557
    ],
    [
      41.843510210678964,
      9.18078483600766,
      8.837903506924993,
      16.247067129822323
    ],
    [
      17.65673501561701,
      24.58420465659763,
      1.8296878685923723,
      32.10853982857303
    ],
    [
      4.460390118091179,
      0.2898039929541574,
      38.54491829429803,
      36.382956097739026
    ],
    [
      20.423201291719124,
      22.040701520163896,
      14.097430712557097,
      12.91081601733638
    ],
    [
      4.5852096446144515,
      46.81247211196196,
      44.752698976405135,
      9.985553245630674
    ]
  ],
  "M_{i}": [
    13.34690733078424,
    24.023823605631666,
    30.854979978017045,
    48.90092636896692,
    39.65617118864538,
    28.69560673885454,
    18.36424592387804,
    8.388920195644584,
    20.2578338060322,
    42.71518980126969,
    39.76991163744907,
    8.022063793135208,
    4.198508158736336,
    7.765558593445343,
    16.986330460963096,
    30.24700529022452,
    23.511474336180267,
    20.3347368638853,
    43.81461113971787,
    24.81449959321819,
    48.01020317305698,
    15.330511377939294,
    8.070409133363498,
    16.400776600398046,
    8.842951656332282,
    44.60678902816748,
    5.43283192202138,
    24.05508961021921,
    25.749206064063902,
    37.66267560260809,
    30.98780656820758,
    11.37339644792994,
    46.418086860118116,
    25.068678540272522,
    1.0449423139244907,
    37.42389964155025,
    29.7132041176554,
    42.595161363709536,
    7.079427271749427
  ],
  "d_{j}": [
    13.40720040790197,
    43.92932869401404,
    34.237618430474306,
    20.7275124159924
  ]
}