{
  "I": 23,
  "J": 23,
  "a_{ij}": [
    [
      23.5346347048565,
      47.22336506482085,
      38.977007117351796,
      18.970342480774605,
      12.864266868494989,
      44.03698843494527,
      32.95253325934021,
      21.173354715445043,
      11.996677675327188,
      10.94252565902516,
      26.499681962011863,
      40.696576024070204,
      9.242507742396672,
      35.434833531338576,
      8.025275995771558,
      21.81530231829986,
      11.848123341438981,
      22.233455897345756,
      15.495531080896324,
      0.35895370593081455,
      49.02566273401625,
      10.267444063805693,
      49.81072205715193
    ],
    [
      12.08475758925821,
      40.52008330140132,
      36.518792182814686,
      16.596013194671116,
      16.6386958566644,
      30.75828077460877,
      7.671613113681247,
      4.664930462058036,
      27.865296616766265,
      7.14035720180094,
      20.539912591737664,
      9.752427842764567,
      5.131490594243654,
      42.73710222820192,
      16.7436539158509,
      43.88416471985561,
      13.1275356363377,
      15.641694459404288,
      1.7219845997776095,
      19.894508424484425,
      3.8464972557043344,
      37.40888573026311,
      13.860433841291925
    ],
    [
      44.85712884340939,
      3.309000903501169,
      29.781641111449815,
      20.883433909977693,
      16.943085170771493,
      30.034951365776553,
      28.11456125166263,
      19.542061800424076,
      26.55345817978434,
      20.14750010678008,
      0.5154774076455704,
      46.64624605126872,
      25.72279303771324,
      28.494252824757886,
      23.504267801170986,
      22.189765433461123,
      4.271425928119221,
      43.58006711511014,
      39.85895804245309,
      35.40070814980707,
      44.78991439701482,
      34.945425881411616,
      37.788291016576295
    ],
    [
      4.753605394929367,
      43.179777588275606,
      32.27944631335329,
      43.46768900646913,
      32.87014753196645,
      28.90470089062611,
      49.488268624372765,
      18.77310262008119,
      29.04199853324635,
      21.334624807674164,
      8.714145421353713,
      13.7739949227905,
      11.606021084327017,
      42.125366190090105,
      3.893328591380252,
      49.27572313652236,
      43.01758745548106,
      20.849868806708756,
      8.301190924491591,
      38.19059750049106,
      3.6709519000590776,
      49.0613070497815,
      23.89919547772964
    ],
    [
      24.99966329972181,
      27.438291732138715,
      2.661306421490428,
      36.7643379185626,
      41.078546264726064,
      29.833314814654972,
      15.369815301630291,
      1.8290978600704888,
      27.274634295188616,
      24.397446130885815,
      48.31872644043688,
      37.898261197500716,
      46.6088712017638,
      38.184934893896724,
      0.3525385453938046,
      12.897804929870032,
      12.710790608412715,
      24.86177551905123,
      30.267965826990466,
      30.191229312587215,
      29.54161218652336,
      25.328319282933194,
      40.48584757529928
    ],
    [
      4.496231598533257,
      37.89581711973294,
      18.174793281918443,
      39.46657380710663,
      0.5458957640896711,
      47.111268294115476,
      38.021993612439296,
      5.42834647697748,
      8.796870313686311,
      0.5495856453689607,
      33.343143826019826,
      34.023384054635436,
      48.45842684707088,
      23.607427215489807,
      11.010406789071592,
      9.005638200045762,
      48.15423509462665,
      26.25450831560252,
      48.67778612315961,
      37.332172839249644,
      2.9704077893162317,
      28.454063222330113,
      26.893430484528274
    ],
    [
      24.43335089680041,
      31.637696266292593,
      1.7730850673749021,
      41.27058634137026,
      28.365051339490925,
      48.820029609412195,
      3.7788908505909546,
      13.989673178557855,
      15.31630039310961,
      11.35011524090323,
      2.5976568362765518,
      10.378114589751103,
      2.8086744349097694,
      12.323651981707783,
      22.241585369824136,
      20.58091681946343,
      45.78305106918518,
      48.4259359569509,
      39.09586769496975,
      27.931240007759033,
      45.967353206492426,
      29.401797324349705,
      46.83080695240245
    ],
    [
      5.117212711226232,
      36.90850891636473,
      12.524597927137615,
      0.5427951129042374,
      6.358341283203151,
      49.77064904922307,
      22.16099643754385,
      43.54292134482211,
      11.719617697773094,
      22.149537635124883,
      23.278806285565256,
      43.35088242262664,
      40.818438339257675,
      20.088900157617722,
      31.44457086434726,
      23.812655654078142,
      33.18335342262358,
      42.785073575481874,
      17.272471610132882,
      29.9860649531731,
      24.305409686635077,
      0.1277232472693346,
      24.94818264555284
    ],
    [
      29.64697806428484,
      31.639674012804104,
      0.06289909587973708,
      4.048450021484939,
      4.6963746549572525,
      13.813935722362336,
      0.3640238895164183,
      15.36693487077328,
      7.742643470507776,
      14.190058496581736,
      13.564510578639267,
      35.07895333524505,
      5.478021447176712,
      9.722720002603724,
      19.96611180019506,
      47.791281063991285,
      15.028259996102461,
      28.88999812035491,
      35.22457727113755,
      47.215992195500064,
      40.54648148428479,
      19.588341718230534,
      9.311131039415166
    ],
    [
      41.41783429186571,
      35.509344969824156,
      24.646985693283955,
      25.459321095614072,
      35.49154734319306,
      21.617730827461035,
      40.81067565064155,
      13.657581770717869,
      32.463461345234556,
      28.406257277630164,
      35.038301463302226,
      15.000408790030933,
      25.990309289514755,
      36.0042138074383,
      41.29681310386382,
      27.374391530112234,
      28.64401541071117,
      6.777273355305397,
      30.26146690384915,
      19.443520709253637,
      2.1449313377325585,
      40.59558525276549,
      7.510598255936113
    ],
    [
      8.049490589310288,
      41.54520239211251,
      44.68437647629277,
      42.458068507736144,
      25.43077699159811,
      45.13367868533939,
      46.54391323254554,
      48.460178716201135,
      32.29345563011152,
      34.79759444624431,
      43.0649279413025,
      7.644598272099573,
      8.571508987841408,
      26.32946774514071,
      5.062953122745601,
      45.503269153248,
      49.16879020119187,
      38.799842073992224,
      13.628195097228769,
      3.528934018495339,
      35.996111937389685,
      26.419066027602433,
      33.11733700711977
    ],
    [
      22.047232823731044,
      8.403751684416749,
      42.234576298305186,
      18.2031358863934,
      20.592997815071335,
      29.518371731081945,
      39.4381138276515,
      35.40720624903758,
      9.563792293520374,
      30.026713373766306,
      47.393811820960345,
      23.610271303839454,
      33.3816614287989,
      31.371607366898395,
      11.045298457175345,
      18.52213201854681,
      19.816800415908464,
      20.115483663889254,
      35.40416462074242,
      2.257801873502918,
      35.44888903712498,
      33.10323524418094,
      18.96715279123441
    ],
    [
      26.22064943236879,
      34.93845552867854,
      19.378216458951353,
      44.805501766998,
      15.605251793376063,
      9.027780193017886,
      16.67394201009022,
      46.728302781506855,
      5.1694163387323355,
      32.31769744593341,
      23.029713187176654,
      0.8407938130264636,
      13.183664220355078,
      36.53560103076835,
      4.2408894793269925,
      21.31105240910375,
      18.632991447396435,
      33.07524639239447,
