{
  "I": 39,
  "J": 12,
  "a_{i j}": [
    [
      12.04735538850954,
      19.587386833590692,
      13.299410694034004,
      15.531367394996892,
      24.441737427770573,
      26.115531358287264,
      11.464398372661094,
      34.92068873438569,
      36.15360401246237,
      1.795882969798951,
      29.763711012078257,
      29.629643146464467
    ],
    [
      37.0894610147133,
      11.78299761624919,
      14.470344146319036,
      5.528786476363851,
      48.99606008312017,
      1.0915934163908236,
      42.98257266987399,
      34.20736891608633,
      1.620441811419887,
      28.223853849070025,
      39.28521890861719,
      19.917774200293685
    ],
    [
      2.8732727951083445,
      37.4283841780611,
      39.90956877826719,
      47.34824355349795,
      36.35508010708522,
      41.17252053223322,
      9.551418725343236,
      5.379480793340208,
      1.696023700500221,
      29.789750156234597,
      28.289079657757117,
      9.034524142338757
    ],
    [
      40.24768430020878,
      31.49355699442865,
      33.528681893037934,
      2.8730298933430207,
      13.675475089925953,
      20.97837171354135,
      38.39631101210329,
      40.44129777195056,
      49.64087847277705,
      3.934485894460832,
      47.69780760983174,
      6.972357525689777
    ],
    [
      23.38279049782006,
      10.395693697078972,
      36.18412470947419,
      8.154040652700761,
      39.23082077533223,
      20.634331634004116,
      29.88128479975678,
      40.83528949971621,
      0.4990990134355222,
      46.95763600163557,
      11.143797601590865,
      1.789203907765552
    ],
    [
      33.94723451326143,
      8.037663818150314,
      14.896351284299481,
      37.1868457070129,
      40.84577855530403,
      11.29714681080472,
      46.199319489444854,
      31.047920529360233,
      38.87475724674331,
      41.07080455562243,
      26.915550083200436,
      36.02700768170585
    ],
    [
      46.126640418044865,
      23.76575308922017,
      20.680669588033616,
      41.364135474520936,
      6.125194811934298,
      17.790518281109648,
      36.99740939807919,
      39.81430354610818,
      22.731126060903527,
      23.103772717509436,
      2.132987285748178,
      23.23950028254073
    ],
    [
      0.69507672479171,
      40.50007007345061,
      37.83966019321806,
      17.190688017751643,
      18.51831553600003,
      43.28604477438217,
      34.54161313160299,
      27.57858826379005,
      2.912319619342585,
      23.626878335983875,
      37.26859593086459,
      39.530123666420295
    ],
    [
      38.80130879575804,
      4.759026828219614,
      21.593881621305368,
      44.36735892975736,
      25.824230138500315,
      33.08478284405639,
      0.30819025408763134,
      49.100990417853794,
      35.562307685656435,
      2.7977999476314297,
      43.06348227425094,
      25.56189804453336
    ],
    [
      22.110837841799185,
      23.600830404573042,
      12.397540690584263,
      27.048299471353154,
      16.770799533589596,
      33.3946344335293,
      10.757894426151,
      27.19127064074523,
      1.0811564756848968,
      17.883543533163383,
      41.38184545653569,
      37.71055387372307
    ],
    [
      1.4826963792722525,
      10.140912348662074,
      2.0437580980302905,
      20.420991568036168,
      4.2268578245788335,
      47.408762547924425,
      29.908863554237968,
      22.184599721697722,
      23.19559830700271,
      14.59179003353454,
      27.844708089944735,
      13.516649254849161
    ],
    [
      28.435163160483114,
      48.906312801224175,
      0.2150719134292156,
      11.227243177562112,
      49.150205488705836,
      10.08688501617227,
      17.171213358185643,
      14.550306766426424,
      37.47269904666581,
      34.5084109819854,
      2.259427316985485,
      13.63758386508111
    ],
    [
      4.4375800843227005,
      24.40607124454926,
      46.202091589762,
      9.974701059342378,
      6.497123899830687,
      19.17418010700652,
      2.052065114879842,
      6.7625217757388505,
      41.55041665372474,
      21.752812076705645,
      29.31977627706006,
      37.91517986473599
    ],
    [
      6.498519900171729,
      13.467286243276211,
      26.6159797726715,
      39.788639724390364,
      34.236174291992874,
      26.73490283458738,
      3.897937048789757,
      47.223413975116365,
      29.04097873106401,
      48.78701615683838,
      15.94374994131958,
      21.06294568087736
    ],
    [
      14.447381719750425,
      32.510018481791214,
      31.894748503287772,
      32.1168952426237,
      48.96020124277447,
      37.462914178163956,
      6.8609781434333215,
      23.606791563084656,
      16.506758002166343,
      27.763661212404365,
      19.488328370040087,
      22.292442711403528
    ],
    [
      41.43835567928085,
      20.28131394185474,
      47.039876865371546,
      21.590237334342493,
      13.939459045115305,
      9.30694400181059,
      18.612526488716362,
      2.8899921569667306,
      31.679638446482066,
      9.713851977113592,
      17.527018276560387,
      10.52091142483148
    ],
    [
      34.73160986950158,
      12.513131727688375,
      13.869345457375243,
      11.494799064720617,
      18.568047249996432,
      27.95171455773719,
      6.040222531619188,
      36.892041491834654,
      12.322571198312177,
      28.77466403864225,
      31.451885303586145,
      40.31295263761299
    ],
    [
      9.781862776676743,
      44.34105418009809,
      7.006458019267892,
      31.828246178990316,
      0.7921054638293179,
      4.247849707903967,
      7.531804896662958,
      13.045591444523092,
      40.078460673973446,
      12.601073433710402,
      27.360713614685068,
      23.8754186367532
    ],
    [
      25.665610533858217,
      1.9454261208317614,
      49.43413615243926,
      2.984326743549548,
      34.681190172550345,
      3.957323266694651,
      47.89662179072965,
      15.010869705958985,
      35.419305818546995,
      1.9180198638218127,
      34.933777848951316,
      42.49973979609404
    ],
    [
      37.04490484702268,
      1.934671162085494,
      4.16551150885946,
      11.462100795280861,
      16.009458493794714,
      12.099754506907512,
      0.6881823728550895,
      25.426979550518485,
      3.6085421638106796,
      11.933585548152092,
      1.9994604910875124,
      22.187433975297292
    ],
    [
      8.660331354370875,
      17.830696851574583,
      16.926398680032378,
      4.200512215856494,
      35.38022385850705,
      25.32620961836221,
      15.461460384529369,
      3.843595280877554,
      18.972486745682303,
      26.55461256363683,
      37.36455657151207,
      41.19009146587355
    ],
    [
      38.577582005246796,
      0.15116053218306447,
      43.07569743623973,
      24.868827212011507,
      25.495409982051044,
      19.44455818392539,
      1.3050576742413889,
      11.564606440819286,
      48.99613555980806,
      17.656754012716004,
      26.396168963020145,
      46.61894098610439
    ],
    [
      26.049308407104306,
      6.678192325667364,
      45.86470081259272,
      30.465463950395836,
      2.2886907754450347,
      8.54241001191714,
      8.440405344426004,
      48.17333287789813,
      25.815631077356482,
      38.08316575684748,
      49.195904389408064,
      22.121046080198948
    ],
    [
      39.42493159598916,
      6.5563886570375765,
      9.870108107671022,
      1.3928104445559586,
      20.17008959936037,
      38.95590106930684,
      6.247970519633955,
      31.698899767417863,
      23.75467250328251,
      29.143747820440225,
      5.9066365159519405,
      13.678251820397424
    ],
