{
  "I": 6,
  "J": 17,
  "d_{ij}": [
    [
      3.7219566258874126,
      10.546014681271721,
      22.516874685647498,
      48.49983833875345,
      43.933841699150044,
      8.284292410766374,
      1.5045606955945034,
      8.573838862054423,
      17.933988902725478,
      16.70236804840969,
      47.58071557276764,
      30.85077596332148,
      3.15163092327444,
      40.550611900431946,
      0.6847707627630761,
      46.58775368501477,
      10.743515060942704
    ],
    [
      32.317940331254654,
      47.763064769188254,
      8.510327988513533,
      16.320859153277162,
      38.357829531986624,
      2.01624104972577,
      12.731876184984436,
      12.46239016082949,
      0.2200275860913703,
      16.353138223137908,
      24.33854573425785,
      24.086333026479235,
      35.06628609994627,
      28.48394374274843,
      40.27134284320068,
      48.86045492758688,
      31.97516241695
    ],
    [
      28.188045765823734,
      43.16659872379176,
      33.32568913037767,
      27.119277158183902,
      14.78531124058231,
      22.46735386961883,
      26.73917097907524,
      8.609020969796378,
      4.812382643241997,
      44.174785501003264,
      37.700032479072306,
      49.02976625064145,
      6.459669582257438,
      12.89877133086148,
      35.667947398824964,
      29.01690889520372,
      27.22311928042193
    ],
    [
      34.46028034276106,
      41.34426097736161,
      31.065501917952243,
      30.826530818479696,
      4.353271364523664,
      38.51462790275222,
      36.19124903526576,
      47.243001591673355,
      47.5209291069049,
      32.81046719901355,
      11.867312752889891,
      46.0846168235375,
      19.54964393904505,
      5.65757914490741,
      19.54971151722183,
      7.232949192311039,
      32.05746731720406
    ],
    [
      8.295184958784791,
      8.580784714812346,
      15.724227151386671,
      18.61543045437569,
      49.51290983485062,
      18.233545949337866,
      30.05501621479882,
      8.125349463720582,
      10.731870911356484,
      43.68220543632208,
      10.940093352301655,
      15.23796133596465,
      31.683571475816453,
      11.719036727012972,
      20.260475173203417,
      18.358478377842392,
      13.776010594510318
    ],
    [
      31.315863853692534,
      48.124908256475216,
      8.607778416598194,
      41.55460670742868,
      16.31764442125335,
      33.88770778834861,
      37.38799468296472,
      33.557979636535165,
      2.24589402503827,
      6.110973666834352,
      4.907949214701518,
      3.6691505131947686,
      48.689769906688774,
      36.14507568445145,
      3.370987199073511,
      21.425440040621503,
      39.63011846725363
    ]
  ],
  "S_{i}": [
    21.908981873237764,
    3.011866384973577,
    27.55887500111745,
    23.393601899733486,
    31.622021725483172,
    24.168921883150894
  ],
  "c_{j}": [
    5.235449057372493,
    46.18773943599505,
    25.560934066716424,
    3.616815958090408,
    42.755106226735506,
    26.93927953076084,
    21.256079435306308,
    31.371051740186314,
    36.00650406735567,
    15.223103857574383,
    41.706379296462536,
    49.91672023511525,
    24.913931047619226,
    10.847163055174914,
    4.81701881464277,
    37.77336917867146,
    45.17773576344879
  ]
}