{
  "I": 4,
  "J": 11,
  "c_{j}": [
    8.405814155689246,
    8.672675009054181,
    45.67215770747593,
    40.62345754154195,
    28.06828809387756,
    0.2995624026462307,
    38.790177736785786,
    7.523012774386539,
    25.659115227314448,
    7.42678511941921,
    8.07531104269341
  ],
  "g_{i}": [
    30.789206296207233,
    32.96378283122548,
    18.822225864531816,
    36.4457077970122
  ],
  "a_{ij}": [
    1,
    1,
    0,
    0
  ]
}