{
  "I": 23,
  "J": 8,
  "W": 20.423504914120173,
  "w_{i j}": [
    [
      8.160646763765023,
      17.48259013037417,
      38.22706559605514,
      18.729424587874234,
      0.23127431155549605,
      24.233004882190308,
      34.068901576489814,
      25.336918643846793
    ],
    [
      3.4749656870568133,
      2.9651879467105067,
      44.129775633063204,
      41.97953477594562,
      18.884382830334758,
      0.37821105010268363,
      40.69866565979762,
      15.720616808286215
    ],
    [
      35.443756894044405,
      22.545588778088437,
      35.92066445858021,
      33.65018325074431,
      29.9134781204069,
      3.5254784817342344,
      9.120737866923657,
      37.77618347809494
    ],
    [
      22.896990049746467,
      48.63271870228254,
      3.9756657582337707,
      5.44453234299832,
      15.726915840004384,
      13.151514676787828,
      14.636729586184371,
      42.960690407820536
    ],
    [
      9.563222518838987,
      46.10306181858506,
      36.25659183022042,
      49.01794711561118,
      25.989298853012798,
      16.06932604507158,
      35.832971289551104,
      43.95436124252369
    ],
    [
      21.911258457570316,
      43.36309230813648,
      38.55155036404963,
      16.098584021397023,
      24.01999756888974,
      8.1448925326569,
      18.2277753681305,
      23.758634742162855
    ],
    [
      43.827136239831184,
      15.440432503724411,
      2.4919941768830443,
      38.5997203769819,
      43.47554613559108,
      20.649596545794502,
      36.83249497081181,
      8.598910149284228
    ],
    [
      40.58897270755145,
      34.18290873696971,
      17.12365470248871,
      38.15669726395169,
      18.640292438901618,
      41.612272750333,
      16.244786330742112,
      32.75982725607907
    ],
    [
      33.478196186648,
      20.76120177802642,
      1.6316826466428513,
      31.563980343230746,
      8.137143646846207,
      5.876909327753937,
      32.47590778199547,
      16.45605279127181
    ],
    [
      49.36172215810862,
      29.474375290196292,
      20.222703440440625,
      46.20316827922928,
      36.80457473558359,
      4.650031771138602,
      35.69155568616962,
      3.3326268582219876
    ],
    [
      31.043611058615966,
      40.85544261479488,
      28.793009645454244,
      7.914644376677477,
      34.35429371630928,
      9.934034818627712,
      32.61355775634445,
      12.872125255992206
    ],
    [
      36.898627325430276,
      32.586038288976496,
      37.594608241718944,
      41.22268895624277,
      40.156223559354586,
      37.25535386319511,
      23.82539680912111,
      45.332204152530714
    ],
    [
      43.612079643886496,
      15.24270031573171,
      5.27967291959594,
      30.23131617394042,
      36.50853240156975,
      29.468794887201256,
      39.57392931635235,
      6.40369268989332
    ],
    [
      28.172868521743617,
      41.20282463155477,
      25.61992301078746,
      10.63567054607537,
      17.91112788456497,
      16.444177694722327,
      41.64509993304366,
      49.41570529307152
    ],
    [
      43.67196394436173,
      39.14689737546593,
      30.802474811096964,
      33.278077101674455,
      37.13806530257157,
      36.37392248641112,
      22.82945529121742,
      41.38644957942575
    ],
    [
      43.693497660617005,
      7.288926578665045,
      25.832816888700815,
      28.25347995056098,
      13.97195110291905,
      11.641036478081295,
      41.098876632514504,
      44.84845225120708
    ],
    [
      20.753588240002742,
      11.652027052291313,
      0.4415269820050083,
      49.01937208279779,
      23.226619896223376,
      41.00088266973093,
      39.91674971557731,
      14.73886834953097
    ],
    [
      24.501864163426117,
      27.337447100674687,
      7.725948734076487,
      45.55454291107512,
      33.13388324992861,
      8.609839017323385,
      4.298298901666358,
      5.418614680916789
    ],
    [
      20.78187474365858,
      21.667658229017654,
      39.42983813718491,
      3.921909268352702,
      31.551946214441333,
      37.954167033889966,
      43.33998629102871,
      6.49017558006284
    ],
    [
      35.66610749628494,
      37.487476087896404,
      11.084811281014705,
      0.2516291615427213,
      40.16341262147633,
      0.670102169639436,
      21.279008522059108,
      24.908989848477148
    ],
    [
      13.292978169005282,
      30.80945756587437,
      48.41289086007531,
      32.976401726348584,
      25.11185905251654,
      4.001322682047115,
      44.280906671061985,
      5.944168285759066
    ],
    [
      17.51854421270031,
      44.30855474301072,
      39.65342369114891,
      29.50713940398907,
      46.21111049289618,
      35.605961734888574,
      47.04450203218772,
      22.276073352624614
    ],
    [
      31.29312886766048,
      6.2816779422513624,
      49.373144839394335,
      0.7363420696635814,
      12.71695366711315,
      7.974490097675119,
      17.683581409548864,
      45.14265608499374
    ]
  ],