{
  "I": 18,
  "J": 27,
  "c_{i j}": [
    [
      18.26509242451802,
      17.592284696704,
      11.818199004359581,
      37.396367723279944,
      24.67490972853933,
      24.73669606621247,
      42.94829819261577,
      27.136694964716924,
      1.6989968912639486,
      34.54952324030241,
      22.32392301645237,
      14.469273617357493,
      15.520796072493958,
      30.116050210985456,
      37.30798031192989,
      20.179496450346313,
      21.180565380619708,
      47.77802454589419,
      5.907949428075909,
      48.49066218622482,
      49.150981540069694,
      28.643560836482695,
      41.835176094432654,
      44.52403668588023,
      39.48375064668942,
      19.23176666147402,
      31.182495135759353
    ],
    [
      31.16865459823045,
      40.23487028058661,
      22.711306716661454,
      0.25090705388061685,
      45.94630740097342,
      25.873437640836016,
      3.2180455112035267,
      37.1894100571362,
      7.252194174542181,
      27.03419579134315,
      28.724786150480764,
      34.03532726829152,
      32.787656750382475,
      12.808153869080009,
      2.53161200717647,
      11.873970654915322,
      19.950164269736987,
      44.28117447854055,
      35.44870337214468,
      8.649701792656932,
      49.01040581169888,
      5.708813652860501,
      12.318286448603278,
      4.514013368239805,
      38.00215981346262,
      37.8520641946811,
      42.52512897247156
    ],
    [
      32.787785324880545,
      36.09253186234206,
      31.63675293184297,
      10.916169530876962,
      32.60284832643167,
      30.486760106514403,
      8.998513429471672,
      13.78957257729842,
      14.354354685194004,
      8.106472841831636,
      15.890378538087901,
      28.51758454498941,
      45.86129619925762,
      18.369173799924702,
      15.700644829912141,
      38.488476669949634,
      40.05731341223443,
      48.128214577576315,
      26.58759809060827,
      25.240330857003446,
      25.824912504891284,
      30.715677728166042,
      34.693280051967385,
      45.385311728205956,
      46.766870750375546,
      4.34149378359151,
      31.3481593139263
    ],
    [
      22.249430488486155,
      23.690337023003632,
      14.013827022941083,
      44.56676503297567,
      18.663845779507827,
      19.095546661178435,
      9.228406522503791,
      23.587101774778517,
      7.855351887894524,
      19.663472963776684,
      49.261358209338866,
      19.9024973299574,
      48.58172130044798,
      44.08730399224835,
      2.4020872840650798,
      27.009855898502682,
      4.890106622475582,
      4.0581497008056076,
      13.76493576077788,
      14.516329637491193,
      43.804695439482025,
      21.79065552103468,
      0.5014250410940835,
      35.12204609449998,
      20.77359776459733,
      14.036927259838915,
      32.35400597328408
    ],
    [
      49.52561032523814,
      29.938608065881912,
      42.23057242640608,
      48.581606835230076,
      3.8499265477406674,
      28.99235623826362,
      49.80097625944826,
      3.195297328989416,
      16.71732005650896,
      22.363787875395243,
      46.29631159819164,
      11.826884931522391,
      16.107034807672537,
      28.29375599068125,
      7.425762358068017,
      48.642520658771836,
      41.35290547946958,
      0.07597179702458212,
      16.94033803258813,
      16.587285724015683,
      22.883601309288114,
      42.5598955042232,
      35.93528190415452,
      34.17192047386232,
      31.386375368337617,
      12.796407049080322,
      25.26676205210114
    ],
    [
      32.788085041905454,
      13.133883958954929,
      41.458625533342406,
      44.81767062607219,
      37.69116258049044,
      31.845969258992383,
      23.25161803895326,
      46.9049794966992,
      32.6320115525456,
      38.24754665279002,
      40.27689318052812,
      18.44756250935053,
      43.41036894322624,
      4.994763172425043,
      2.212589736862103,
      36.2797117675488,
      6.438579113581783,
      18.554599112272797,
      28.026115589890914,
      30.353850839400447,
      2.1570929989394747,
      47.67474924960174,
      3.521584819664386,
      27.742484832468055,
      47.49547864654504,
      3.836447917002228,
      28.671774558834777
    ],
    [
      17.93250392864555,
      24.46159345284181,
      32.57894722589534,
      11.583182594512392,
      33.11479792702915,
      29.5063217824931,
      25.334517987109358,
      39.502898694699255,
      28.027786666470593,
      26.911290996119774,
      25.120330372841565,
      2.7793042511358887,
      15.490464050037112,
      31.1431933835717,
      35.622134346761044,
      4.4863106142498,
      33.05214206994725,
      20.00492496593077,
      42.45693083301058,
      15.301021998014697,
      34.89984329019178,
      11.200272515014886,
      4.493176989589903,
      37.01812999251435,
      6.209562732886859,
      30.819903969313785,
      7.037940190812003
    ],
    [
      30.316813970168866,
      10.178035034082445,
      30.590674366564446,
      26.237270973609704,
      5.16567196837423,
      38.7425796104626,
      33.198103570510945,
      10.500924577221731,
      9.432471584888285,
      4.447119908046399,
      16.657148508192748,
      36.91402227320038,
      42.71268927495072,
      45.775895549025215,
      26.477351771651474,
      3.2285013292608133,
      33.50782661478643,
      32.586357666769366,
      19.0759872277022,
      46.833869063760694,
      0.9615877608584622,
      16.017532040858928,
      31.447151806016198,
      47.69192506326985,
      5.534967820893721,
      19.20726845391937,
      13.460558290941727
    ],
    [
      30.679027986914253,
      18.549036230367005,
      47.572116088855275,
      33.2606411527517,
      19.06225032241313,
      35.88199649368102,
      14.87346818176451,
      37.65300820649671,
      22.90118038791615,
      3.9469578912259995,
      34.45228138238702,
      35.897758560025146,
      48.83680258791745,
      36.30746415768791,
      32.79902731683446,
      17.02900715040481,
      9.017965776304749,
      1.6039899754124176,
      27.687365100537285,
      17.98578787345797,
      7.349692738656405,
      48.39511632962678,
      35.13544650468281,
      10.211824661502622,
      44.48394668992357,
      15.61667780937454,
      12.605648238750062
    ],
    [
      38.10557938441176,
      41.43653440500274,
      0.0023439943065028945,
      36.06444481390244,
      10.670085600268948,
      36.334425450551656,
      13.363826609762553,
      41.833998358302026,
      24.980420306040386,
      18.196310222923152,
      47.10181915021433,
      8.624586260027245,
      39.21610603746425,
      25.511507957393846,
      26.341610129132974,
      33.314424955344926,
      10.218160898904955,
      28.658335548733938,
      35.341213632217,
      2.156584521535848,
      6.890985063364397,
      16.29041251553544,
      49.19443425523476,
      44.2502704143968,
      46.25207725639237,
      17.620908213269697,
      20.28532576842606
    ],
    [
      18.447373781853692,
      45.206023045885146,
      5.970808135786909,
      25.129582890051672,
      10.3064317511198,
      31.838583896399687,
      9.438879307884745,
      39.00051281934338,
      7.892020906543462,
      14.188124963816657,
      6.475809630315443,
      4.031887223048808,
      32.51763985259126,
      19.85460045801141,
      13.416755188138746,
      8.066434742409445,
      26.966791015671195,
      16.541073661529527,
      17.685221275056858,
      11.203467715017428,
      6.183835379618574,
      16.1340373634529,
      31.611053032794356,
      28.955797034453685,
      0.42589166771617726,
