{
  "I": 42,
  "b": 46.989688516918825,
  "k": 25.501318316876592,
  "a_{i}": [
    45.66563943578583,
    24.994034747298997,
    47.053987205580654,
    0.7734777590940212,
    22.630909353964316,
    36.21496560264261,
    25.619667353567188,
    39.02988381816346,
    13.572777031218791,
    40.18911002096942,
    12.996235932198402,
    36.88958534078965,
    10.04548103562265,
    36.5443422656183,
    23.779511453905926,
    12.591568557365685,
    18.256349624458707,
    33.26128029381465,
    22.33989134506704,
    33.99519106398666,
    28.651263420285076,
    12.10178689506256,
    29.56528864267019,
    1.861023537588563,
    3.803606391702763,
    33.708530823256325,
    24.345366440580168,
    30.556037660770436,
    22.878941096004628,
    7.2914770339887305,
    46.54077441874232,
    25.937615563369427,
    18.362546901069848,
    8.94666952873388,
    16.06685652797163,
    21.23497069990093,
    46.05773622944538,
    19.498699626701306,
    49.21947819287091,
    2.376115651515848,
    49.34003606417392,
    41.200399877784086
  ],
  "c_{i}": [
    20.105810822566312,
    25.594392141275385,
    10.894334851042004,
    36.983517160380266,
    11.817712941903235,
    1.3871516521633376,
    12.96818630326888,
    7.304824930304404,
    2.213071353782037,
    16.244369157563376,
    25.112213531213186,
    22.446993676291083,
    42.80185568406627,
    38.50166644824467,
    20.18288425387043,
    29.53387181544626,
    21.1171571345933,
    24.041167568721004,
    10.445794012989667,
    29.142555640111965,
    22.17518865330569,
    30.334479249461804,
    42.40321213830456,
    26.75091821804645,
    37.91956245354445,
    24.22735329824756,
    44.162470757210045,
    27.80363384935508,
    3.5894217771182735,
    24.814735921728452,
    2.839147675404008,
    18.96078008465046,
    40.26984528891552,
    20.41022743426147,
    13.049619736032952,
    47.74021594801753,
    38.704415268435824,
    46.13986829676087,
    29.22796182042283,
    48.849758741166546,
    46.039604471802065,
    1.9802912185403365
  ]
}