{
  "I": 28,
  "J": 46,
  "w_{j}": [
    12.990096729128469,
    48.07613038405055,
    20.90480290627066,
    48.215175811905134,
    4.541984652066694,
    7.474567461349491,
    39.0754140332051,
    11.653029967972605,
    43.94615160221025,
    2.553664989196519,
    15.044327274300867,
    13.328492933096147,
    1.8712074082221697,
    35.1816576935772,
    12.213703518680912,
    48.09739994895164,
    9.849832709208444,
    13.844996949964795,
    9.499101517738145,
    21.914439539732257,
    35.823507840109045,
    34.910909047676434,
    9.93129117600946,
    3.46579200295859,
    3.7499993402317244,
    35.29120278738546,
    49.83813942664156,
    30.775542555968975,
    35.94406687881376,
    27.047156260072725,
    46.99061276597135,
    48.23971260429303,
    13.933530520736126,
    3.800670501181208,
    33.725545889500665,
    6.873823037943666,
    32.59281074566005,
    40.14635581030696,
    42.0161475473082,
    4.50364335765911,
    18.387050527836347,
    18.967953208918782,
    6.539117599610744,
    29.581366325116456,
    9.545651008909012,
    3.302496142904332
  ],
  "c_{i}": [
    41.09790004079831,
    18.840832115253782,
    17.33744806243594,
    38.69315748647454,
    17.860399552044175,
    20.57500838929907,
    9.223040361837482,
    8.478848805766804,
    23.55727867291485,
    31.567335701346988,
    17.104955780409803,
    15.868536417369988,
    23.165271313452106,
    17.753317216627114,
    20.242355521340937,
    10.987756500541845,
    48.212954550237406,
    40.19450312429823,
    24.60857156264216,
    21.950261569016234,
    4.302818706503747,
    38.91829747782576,
    25.4782067603522,
    34.82063106013094,
    7.509490759959547,
    40.9276184852423,
    26.085381992124194,
    45.68527009675078
  ]
}