{
  "I": 35,
  "B": 22.939401449548907,
  "c_{i}": [
    38.035626121696495,
    8.571537663166207,
    2.4572634829167272,
    11.731010557944755,
    36.50765244110484,
    21.112723717069027,
    18.783009272570823,
    8.654927541082703,
    15.062209086105533,
    47.54534080080794,
    18.632937424998747,
    39.9779682189196,
    2.820891137766873,
    26.93505152714072,
    31.550765089171286,
    5.980566297780593,
    26.83175605364088,
    45.573782148226144,
    13.405244204599825,
    26.86273436959722,
    41.052012139103155,
    40.804527886615396,
    44.80407500642435,
    13.466155295940647,
    35.519984821195344,
    43.64330043766835,
    29.958280730788317,
    11.776990892656785,
    48.80890600603095,
    29.91523936198806,
    29.06462204458708,
    47.567022803605525,
    38.59486120634823,
    0.0355670576908107,
    41.626888682882054
  ],
  "r_{i}": [
    20.653131376587663,
    23.82658095586495,
    44.1077314265763,
    27.209495931729677,
    22.910253570173044,
    23.42530291196525,
    8.389791074508551,
    35.83096430264051,
    4.541872351567116,
    35.95131622441073,
    38.801969519171976,
    29.701823206120192,
    8.70506098494268,
    36.987379313298305,
    22.33791696201693,
    39.363482902415534,
    14.348188333122563,
    47.18383362098844,
    10.352682406766672,
    43.48571765901232,
    34.41277223514532,
    34.380929851137275,
    28.19232700282146,
    49.56667441181815,
    11.978576498428023,
    11.902021513114768,
    4.700423142555876,
    13.213697970813442,
    4.7513969224404375,
    7.568313306154812,
    28.241296276119847,
    39.06667208800613,
    42.5967911567207,
    16.82023642671518,
    26.93378021137634
  ]
}