{
  "N": 22,
  "W": 44.8942229628727,
  "w_{i}": [
    10.177026466130757,
    12.82397432115046,
    2.3034763241068514,
    33.72402498439572,
    27.293297323983705,
    48.31786075278832,
    3.9685839494686794,
    10.955086249017853,
    2.174781169933909,
    28.163106564669782,
    46.961926635922104,
    47.721771596004714,
    41.844811434318956,
    35.57986917141907,
    34.2451554585721,
    22.80301803950262,
    17.408906016271935,
    30.889048002587888,
    49.04917735477314,
    1.7911334445244065,
    42.47137703513022,
    17.961133777728115
  ],
  "v_{i}": [
    13.129067397478867,
    38.006485975459384,
    26.424272816510385,
    26.20929436343839,
    8.695884860530883,
    30.882379136156473,
    37.32514921232055,
    8.444487626809789,
    32.432047626479616,
    11.731977474165356,
    36.88880498581441,
    43.607533273733665,
    42.39914276586248,
    33.070824016900886,
    29.648299697540182,
    19.191521883354056,
    18.986009367773665,
    37.55278966086109,
    16.209356482806967,
    11.597568565409382,
    16.354066833717525,
    21.436765041111812
  ]
}