{
  "I": 13,
  "J": 47,
  "w_{i}": [
    9.317608040160119,
    47.09310691768617,
    8.3104610311531,
    23.58634861734273,
    47.472474486138644,
    37.102399598094415,
    47.7506562444101,
    20.329158215459834,
    25.251832999836328,
    43.284696658563085,
    22.688266965423487,
    28.886168180742494,
    45.53999865010112
  ],
  "V{j}": [
    39.46607473649104,
    26.98713934494587,
    1.009265131721715,
    18.132418240848946,
    48.5499642051753,
    15.44713936903747,
    9.199932300514341,
    23.61268941373623,
    37.168497447964974,
    5.373641099851195,
    35.99533729843655,
    26.548799122047225,
    20.229713873800236,
    0.49101268719586866,
    18.45045497790492,
    32.20019010414599,
    25.89745517994621,
    4.466729155970356,
    22.222665874229065,
    37.10581929776945,
    13.93648279408159,
    43.14190300865828,
    4.3032337949204305,
    19.096503146092658,
    40.20654228717882,
    48.417976308718885,
    36.77665925232658,
    38.66507905391057,
    31.884328364652152,
    42.9885760047715,
    45.93863904569237,
    17.44054472489049,
    6.40402497566842,
    11.028754761262599,
    38.244295081670764,
    33.218599635039595,
    19.51258175948728,
    24.200250313900828,
    2.3023565412207847,
    45.60835709730167,
    29.171245744659075,
    28.183410416948284,
    39.68982093755343,
    25.01638231953422,
    37.01930530643342,
    15.5089950723438,
    37.48433882164141
  ]
}