{
  "I": 9,
  "b": 16.491556533554817,
  "k": 0.10157169107243846,
  "a_{i}": [
    4.7242370311173785,
    29.995244973684937,
    46.319223448959164,
    26.238244600076154,
    19.707819740973743,
    1.0588180470539,
    8.734503871733496,
    23.032739012595492,
    24.03298066618132
  ],
  "c_{i}": [
    19.29438006819409,
    22.069954120196712,
    48.92164996570742,
    30.919131645156867,
    45.63651509402119,
    43.04624369276651,
    3.997480163068551,
    24.985448878865462,
    0.7902028889946067
  ]
}