{
  "N": 4,
  "W": 34.563919805623264,
  "c": 3,
  "w_{i}": [
    9.687151911570918,
    49.772522820409954,
    46.45046223405032,
    38.802705640342985
  ],
  "v_{i}": [
    21.576507390050537,
    34.29396578605029,
    30.45174582682046,
    19.466112362097082
  ]
}