{
  "N": 26,
  "M": 1,
  "c_{i j}": [
    [
      19.789762411204386
    ],
    [
      41.30339809259047
    ],
    [
      2.4001892169436987
    ],
    [
      30.44301295087793
    ],
    [
      17.54129136240728
    ],
    [
      40.427396960183
    ],
    [
      8.617244721462042
    ],
    [
      40.74241874232197
    ],
    [
      10.675323357130855
    ],
    [
      34.99473278987447
    ],
    [
      31.633032081088082
    ],
    [
      29.871561061311997
    ],
    [
      4.467784677000525
    ],
    [
      27.53811850747278
    ],
    [
      17.984278444977324
    ],
    [
      42.59924896177825
    ],
    [
      44.43144509444188
    ],
    [
      46.69335694527542
    ],
    [
      24.19109232085887
    ],
    [
      34.408621465582925
    ],
    [
      8.860568878129255
    ],
    [
      0.007148859713418387
    ],
    [
      8.657152333293993
    ],
    [
      39.250048973889314
    ],
    [
      25.578815649918546
    ],
    [
      36.643787810700694
    ]
  ]
}