{
  "I": 39,
  "J": 30,
  "s_{i}": [
    45.14011675935439,
    8.529026389934675,
    29.680489861315408,
    44.75378191028922,
    15.141895591113325,
    4.218426188950048,
    36.31898042721002,
    23.868952687676654,
    3.247909875206406,
    1.1977596614951291,
    47.53891300556749,
    47.493523902310855,
    30.36372260739912,
    35.06443885785609,
    39.579595494213805,
    49.44531403511511,
    29.48840283344523,
    28.089549982094518,
    33.38464210380845,
    3.0138745121972677,
    33.60678187123957,
    2.7648557134150376,
    4.263362694109346,
    14.586888339617365,
    42.85730768745951,
    21.94435902094436,
    43.45135560957809,
    15.203330236800284,
    29.030856431891326,
    31.62125114765396,
    31.095270849390573,
    28.734301308568362,
    7.62735140549472,
    16.857548195995037,
    26.561346199326398,
    30.86567937671837,
    14.962101867716004,
    0.7414695824748518,
    46.52735879970947
  ],
  "c_{j}": [
    6.753419731522225,
    5.438794678920688,
    42.93136302956198,
    6.4579247460171185,
    39.8878841839284,
    20.225985933623964,
    9.524586773707616,
    38.675818893365275,
    21.6316602981879,
    25.999042525468504,
    0.7727383637559759,
    2.5938959893502034,
    3.4247041820106072,
    46.83595316096342,
    18.190957115698076,
    20.81727333009484,
    33.85593734621058,
    3.419566891550674,
    20.269503511387054,
    43.62285656453533,
    10.597330506970637,
    5.862656308139103,
    19.709784918071012,
    2.04498716383984,
    21.32095205791752,
    4.4265320212875885,
    48.11669269138763,
    22.57230821325196,
    0.7032111677087338,
    34.25653661615845
  ]
}