{
  "I": 19,
  "J": 15,
  "y_{i}": [
    3.500343957842672,
    5.405997436763283,
    38.911832732193716,
    7.937799330565726,
    36.48736481356155,
    23.994958136505378,
    22.056100774951243,
    29.675355743922943,
    28.310359724108846,
    35.08733601802693,
    1.6499046161810638,
    40.792372435559066,
    45.4438116030041,
    41.25575516885852,
    26.13389597253487,
    35.33984878580285,
    49.824481255864974,
    19.480034636713,
    44.09162178249158
  ],
  "p_{j}": [
    40.86540458369263,
    25.19027291223475,
    14.554098749992283,
    40.01744068081547,
    16.573010755657116,
    8.483059149887302,
    5.041825951274525,
    21.38800148348267,
    15.070056533984621,
    18.461918350555163,
    42.408226139158586,
    24.771290738023445,
    6.152129519047078,
    42.382912975652395,
    24.604889971062832
  ],
  "c_{i j}": [
    [
      6.236934644091513,
      5.090387832075244,
      29.80964560774427,
      29.230786067418407,
      29.539339194785065,
      38.630846606954165,
      27.594182657346728,
      7.520951376833956,
      47.06862875454477,
      42.75190464567315,
      32.47758287304621,
      27.326952708861036,
      29.437977280813904,
      6.804181279422994,
      33.92289524193217
    ],
    [
      23.32672322318907,
      16.080470788553768,
      12.254400351168638,
      41.66650952480887,
      47.99985552250735,
      30.6154901729782,
      7.692354656397021,
      26.614572942344143,
      29.194308450802126,
      36.45693914258023,
      34.18789908256105,
      10.831453404576713,
      13.887190041312097,
      21.43133061335567,
      20.375575624494875
    ],
    [
      25.845497602523487,
      32.22965594733349,
      7.3368401385077835,
      37.731126574982476,
      32.373825713619084,
      40.454457482038904,
      47.891357574179324,
      33.36292857212027,
      1.5114435825902661,
      29.089170106329977,
      23.189721768027837,
      4.992460352052186,
      29.482452322792135,
      45.12791651037044,
      3.6182971604600986
    ],
    [
      16.716673251061493,
      20.065056234615973,
      7.86799653904367,
      13.497738133558922,
      8.761145510826951,
      19.371851558731095,
      46.205109863959144,
      38.27479850213751,
      11.580402194477058,
      42.886468809014225,
      7.120546248105347,
      0.10285340514213925,
      21.64904904489213,
      29.4542580157838,
      23.882475433469846
    ],
    [
      31.6754572817309,
      12.375398927508957,
      48.76157887815491,
      12.444530339309445,
      22.91482415702192,
      40.83054146873933,
      16.779830274304715,
      27.907861627911934,
      25.17240126941355,
      12.983091977216343,
      19.20256599403183,
      13.972630678702597,
      23.19394013651493,
      31.206200100701476,
      29.745667909789752
    ],
    [
      29.44211176296297,
      30.676009173160253,
      40.18920075450244,
      34.27583047450272,
      19.878582230660914,
      45.04853687315119,
      34.541382062114565,
      35.20247699807719,
      44.33326499988608,
      48.373672120409786,
      0.9158991887833201,
      32.24337711275705,
      15.798272045099903,
      20.303662182304027,
      39.68347952596527
    ],
    [
      46.156428676498265,
      38.918552640055296,
      26.198696095636663,
      43.876765481883126,
      6.635757368215078,
      25.172913811098642,
      8.180033007507559,
      10.262094662725085,
      19.42249454878766,
      11.567524296293064,
      29.760457903222882,
      36.17303700810782,
      19.420362462756703,
      30.338855860696384,
      40.82263812119979
    ],
    [
      49.62592328982833,
      34.820259602776254,
      19.808693926138343,
      41.30841934717366,
      11.28890146699884,
      29.41887758466365,
      28.30196766463573,
      8.221048512400387,
      14.20180718858885,
      22.56000464941752,
      35.123568694986226,
      34.11882795624502,
      23.37263522303306,
      8.23880956180325,
      47.62603640252905
    ],
    [
      13.090620928687652,
      24.5658177224731,
      24.620626698096643,
      13.629309752888602,
      42.742748892078765,
      19.944945115973066,
      2.514898861063908,
      24.70731503692297,
      49.94183389808911,
      23.495990753050776,
      21.435382279303504,
      24.212486088285978,
      9.794899248516387,
      1.395040163284672,
      37.72082363851176
    ],
    [
      15.353640150198084,
      38.32580257923269,
      24.569392508055483,
      0.3764061207725433,
      20.81390049175418,
      40.40619516367696,
      10.947186159549766,
      36.22093479785685,
      6.208848747206947,
      38.94437955414156,
      19.656893425354998,
      8.892032240517295,
      1.4887788897542997,
      9.113428795060324,
      0.43708905578101476
    ],
    [
      47.884223092437054,
      10.101711796355511,
      11.812963344025313,
      23.364107901882907,
      1.1395338903271213,
      21.79409143909885,
      16.507095466515132,
      47.58823988655094,
      34.52558693805969,
      26.74122932222965,
      47.40012006482008,
      39.41062920002716,
      42.763308181095475,
      41.39737048133697,
      42.73896785864796
    ],
    [
      11.033538533023146,
      11.283266014860288,
      29.17265298658191,
      44.252337705768085,
      46.244095105961705,
      1.8011677037611307,
      34.000211265397695,
      15.372329467651141,
      46.6484486135329,
      48.95536096138845,
      0.8479401286086985,
      0.949390091788499,
      5.910265219490168,
      49.76017963694567,
      43.38901038267732
    ],
    [
      24.66163569019093,
      22.843508482002285,
      47.82390512199417,
      11.363560661185474,
      28.172024040572342,
      37.79794641377694,
      9.760280288392275,
      47.34218583616847,
      17.632080211403327,
      42.706458523672595,
      30.31989636321783,
      49.01148368877602,
      33.309419275474234,
      22.563580861498373,
      48.50482079914647
    ],
    [
      10.556122396891132,
      18.791968583402273,
      36.93900346846657,
      18.506199911884742,
      13.178864108179194,
      7.411595206411315,
      27.48082175622482,
      41.10450626199317,
      48.4464676094632,
      8.429053152556893,
      13.039436066404143,
      3.222847726943623,
      29.990692594693503,
      49.782785447894305,
      38.364194801634625
    ],
    [
      4.497075441308507,
      21.425305792472056,
      4.508537461049789,
      2.899830317620361,
      19.37580540352076,
      33.53994808541142,
      30.677369408513393,
      0.5079715922259032,
      16.707690740342684,
      14.941534138033857,
      32.85770847529616,
      1.3891219044423087,
      16.85378199694601,
      18.91359685260918,
      42.90538611057057
    ],
    [
      38.88544165857819,
      13.496726771642647,
      27.953430872153433,
      27.578864007387388,
      33.13675394436185,
      28.86220656567898,
      27.11209047228355,
      35.35444382614101,
      29.563884675613412,
      2.3487590100177647,
      19.939340045415815,
      8.769861470629586,
      46.261301742462784,
      49.007520255289315,
      36.17764254663851
    ],
    [
      21.701121064892558,
      0.077258052817053,
      26.97113816637609,
      24.254089714319477,
      11.938698434133544,
      40.05199346262437,
      49.324891423218936,
      14.221725139870006,
      10.837379646647227,
      37.43139756814579,
      16.406080517930118,
      31.1903283346222,
      2.8669932842673216,
      37.11314020271491,
      46.91603997132866
    ],
    [
      31.269079927172864,
      3.2333376497146906,
      43.721167192104765,
