{
  "I": 4,
  "J": 5,
  "c_{i j}": [
    [
      25.450263567339633,
      9.15071931055449,
      3.8002415878755578,
      17.404653806222655,
      30.35154506489698
    ],
    [
      37.62953761948283,
      9.920518179400151,
      22.004422537920536,
      38.69843599702711,
      41.6428859994355
    ],
    [
      19.039942304710884,
      5.075714216769106,
      42.92050225475842,
      18.856811249377785,
      17.877874421579193
    ],
    [
      29.963486775273584,
      37.41267698379702,
      33.273333246132324,
      10.365248756155587,
      30.57995995617237
    ]
  ],
  "r_{i j}": [
    [
      22.54744681212359,
      39.11975375321305,
      21.368819228400778,
      36.065667533674876,
      25.482230926522465
    ],
    [
      34.08694039323117,
      19.18027658581864,
      27.73591799629046,
      28.963723857618017,
      19.13441513568534
    ],
    [
      16.154042478443202,
      31.82426318551802,
      29.225463979383647,
      41.4169432961922,
      17.423516241000037
    ],
    [
      16.33865571252911,
      39.46587277410808,
      27.552215797759455,
      11.040032366931035,
      29.510618993927633
    ]
  ],
  "B_{i}": [
    2,
    8,
    9,
    10
  ],
  "l_{i}": [
    44.19674545435912,
    35.13451773185568,
    12.065466685207477,
    33.52046070905415
  ]
}