{
  "J": 45,
  "K": 15,
  "w_{i}": [
    41.25540827726888,
    6.2890651722104565,
    15.974460404409403,
    17.68480492149383,
    33.48644282137826,
    12.437245855429275,
    17.75485316157324,
    46.61402987042414,
    13.289276293401809,
    45.06495833513573,
    28.288977114231518,
    29.941542769032203,
    9.662901538721874,
    23.872867080758393,
    20.17442280050224,
    44.46118622965889,
    11.558231857152961,
    34.01329122834188,
    42.623494562297275,
    1.573876030518745,
    30.233811220946137,
    14.967257449064075,
    25.412969804083385,
    42.73027332246297,
    42.03101882431933,
    43.02115026798846,
    25.643024380280366,
    23.94317679746085,
    30.297493378774515,
    32.3766252305891,
    29.713688075999706,
    25.58077832697256,
    11.981944956715013,
    23.523250653787308,
    10.85919935880575,
    20.554733965442544,
    23.925025023805702,
    28.58165009400308,
    16.906270107856308,
    0.2068060721524767,
    10.675832999709828,
    25.65995911908674,
    23.598891010475775,
    19.69333753185233,
    19.66514613601528
  ],
  "W_{k}": [
    34,
    39,
    4,
    5,
    32,
    16,
    43,
    22,
    13,
    3,
    34,
    46,
    34,
    45,
    9
  ],
  "c_k": [
    0.6406638885075255,
    0.6541879814785656,
    32.69790549830498,
    33.26976188448553,
    13.502055944519114,
    47.93311904126177,
    9.937599370426248,
    37.32413384258867,
    23.222272324725747,
    22.548572991061196,
    33.09962017884275,
    48.70050060168113,
    47.5791971788083,
    19.041315743934945,
    17.599398463948663
  ]
}