{
  "I": 2,
  "J": 8,
  "W_{max}": 35.883168756447006,
  "w_{i}": [
    2.676520419850931,
    0.8423193768883341
  ],
  "v_{j}": [
    11.176235706364551,
    16.897803443839603,
    30.80856997373284,
    16.2348367566147,
    12.121761446327378,
    40.70301883323096,
    49.2470894990163,
    10.76305399563407
  ]
}