{
  "I": 30,
  "B": 42.318131616863845,
  "R": 6.22026318929339,
  "c_{i}": [
    43.79970364691735,
    8.108620813723883,
    8.805815211331947,
    0.42195977140468965,
    13.795461412671983,
    46.905691453254164,
    41.54201639041089,
    3.62644198549284,
    47.52783690154496,
    26.449683021410053,
    40.85424760233401,
    43.336983690653916,
    20.728704025496796,
    48.9364708848979,
    15.913551318510615,
    44.019581664669445,
    25.69430535195237,
    41.92848339897209,
    47.72613078625162,
    20.676224186316023,
    18.953670272774175,
    21.711497501050047,
    1.4003268520417,
    4.010496304671901,
    19.974807550149272,
    35.40003364520473,
    22.093872283103543,
    11.339132101039795,
    38.634121092493714,
    23.45809908578978
  ],
  "r_{i}": [
    28.667937214444887,
    41.982478863494045,
    49.93241139642632,
    25.170945985549604,
    26.946626984927256,
    44.342707981888616,
    30.619676203276676,
    16.29786538824482,
    13.644453249675543,
    2.017664585660711,
    36.82456670970116,
    18.703168155389438,
    13.90689641422121,
    24.06105932450223,
    0.4082986799548771,
    32.006563772882494,
    12.179294210423247,
    25.431652325287263,
    16.279856597594055,
    18.930970178733837,
    44.15312439426906,
    5.210038852577742,
    17.694136349649074,
    0.9645733588849403,
    11.14615449687798,
    14.484442183435048,
    5.894643130701205,
    14.836885737755933,
    13.981840048060517,
    0.26231052524918197
  ],
  "\\sigma_{i}": [
    24.231568175753964,
    35.5886129616219,
    26.47324985051008,
    24.814925031854134,
    38.24278121750371,
    35.57462196487843,
    15.777295159486975,
    3.9588737216740943,
    27.374475170172712,
    11.85059183044176,
    34.94022678626224,
    0.2818644152083938,
    19.163408527313713,
    4.843457945459995,
    10.743622170596556,
    1.967622098671734,
    36.30847461418712,
    28.170446694043942,
    42.33950597161133,
    20.489677165067498,
    38.8786745548092,
    20.913126831919598,
    25.17871087590914,
    45.395215705545446,
    31.546535559587735,
    44.858342032084565,
    19.83942758388225,
    15.563691726428164,
    42.76721664979348,
    30.387678099060107
  ]
}