{
  "N": 24,
  "K": 6,
  "c_{i,j}": [
    [
      37.65466064905399,
      34.57814605658754,
      2.4396759045842655,
      17.317343636232263,
      21.430330527720514,
      25.766367871871488,
      43.912228756620046,
      9.544981379216317,
      2.7481719110957092,
      9.034762076104297,
      48.27340314520695,
      28.570763361333285,
      46.53431788720471,
      34.98367073046512,
      27.660761684393826,
      36.103324809608765,
      12.684032068572865,
      23.384874477129202,
      22.731902574606178,
      25.750325872226576,
      25.87803416654182,
      44.916624169627696,
      20.197550084479417,
      26.661612649906335
    ],
    [
      42.9519363262098,
      42.545922191501276,
      33.75039434346013,
      22.64187404008546,
      24.409672872612347,
      49.450024438470486,
      49.49797447004087,
      26.037212648210634,
      40.6670844468084,
      40.3541327492856,
      14.136853834828766,
      12.123879548920385,
      17.64017060656672,
      5.339405493340727,
      19.850401691124052,
      13.6108445147404,
      46.834268435599654,
      28.383890922743092,
      24.503288205943473,
      15.267066629680382,
      12.761232458957316,
      30.23546538527559,
      32.0183144509705,
      9.427841860516034
    ],
    [
      22.44307963805225,
      7.025333440822995,
      19.637182026146277,
      16.616704097945423,
      2.4775834672503603,
      33.91325985788842,
      49.41534895542721,
      47.679907064289154,
      33.17021286134129,
      27.682814460779554,
      41.09161799933149,
      2.028251541649284,
      44.867587030064286,
      11.645752719204793,
      1.7113014989814823,
      3.074691379958722,
      45.377624436863925,
      13.733209323702672,
      28.849033206035944,
      11.701122756405786,
      24.528709062734556,
      27.764706729190237,
      33.30000205218372,
      49.799795967153884
    ],
    [
      35.674352000695116,
      28.474869921992436,
      16.124848547382324,
      5.24323482885079,
      11.187704651876318,
      46.976259326876004,
      40.42815891920684,
      36.753569243041525,
      47.19825446275411,
      10.93632348282037,
      37.112429253476144,
      9.484222815267456,
      28.777442259207447,
      23.49516635505441,
      2.7066005000828897,
      37.7317899212498,
      37.600488227717214,
      7.7849104446453214,
      13.250538047768885,
      19.199006354223584,
      5.96919511649649,
      43.228468417567065,
      22.625153765382922,
      20.078826774649926
    ],
    [
      2.2665442371971602,
      22.114464396302296,
      42.63321295957598,
      7.962134336276572,
      18.057614345098514,
      42.885239236783484,
      9.273695345286997,
      43.61236501433041,
      6.652123089882367,
      11.058087119767551,
      31.780246529322564,
      40.42457942922716,
      37.90840966283538,
      18.499537192149816,
      34.29273598736561,
      41.63456012759802,
      32.71484848726824,
      47.902984451399846,
      28.299129116810928,
      4.748649926603488,
      7.655464816718327,
      27.133105397200914,
      38.2842322189906,
      3.0660605739592564
    ],
    [
      26.572644347282413,
      31.862785642643992,
      48.026839385035316,
      46.64396000934561,
      0.1395373524592458,
      40.087006604132256,
      11.16187748579759,
      44.363351684974,
      24.041574170986834,
      10.5760630815513,
      34.353176165544184,
      27.80406744941019,
      40.36750593652065,
      3.2153538605669665,
      42.01730995060419,
      45.29848256744346,
      49.83406125642475,
      15.110368481215296,
      6.199197595553018,
      28.209805624806645,
      34.24425897482633,
      3.6467458637748527,
      35.25478360545588,
      45.100137614681046
    ],
    [
      20.66180858827229,
      21.997936462039675,
      29.759201948188675,
      7.189000505695181,
      15.06155890536317,
      23.99878648236277,
      12.30914828019516,
      45.29551997510194,
      42.014763575895714,
      2.235077531682128,
      39.383887710697415,
      13.280546347974997,
      48.628033952355686,
      9.594882928083825,
      0.613034959894021,
      10.46596355184189,
      7.336318390656549,
      13.804805390735076,
      29.68531396492976,
      13.11070852412804,
      47.26858259970476,
      2.5634622703376797,
      8.538738704081105,
      14.110618371244987
    ],
    [
      38.93858802813967,
      23.123066619884895,
      44.72884236460721,
      29.716771790882635,
      6.575535026877005,
      3.8276660443012203,
      46.610500080182696,
      19.748709119578905,
      0.7019425559552095,
      41.7846102637429,
      47.488722372618994,
      18.590210675689672,
      21.746287836113044,
      41.79236955518414,
      1.369556161263502,
      13.296718146816838,
      34.940943422623484,
      20.90837868752776,
      46.62326284200991,
      5.985076310261922,
      2.2436934386761753,
      24.39106200885261,
      4.27464048722398,
      8.421837633717805
    ],
    [
      0.837201525503406,
      38.522255548253526,
      33.02297014592484,
      0.44447822854647434,
      23.651449617057974,
      20.808684769672492,
      43.918973154351086,
      7.275153542295898,
      31.065110702109806,
      1.1776352832250314,
      14.131044440536566,
      1.0198832161310067,
      7.89347451863191,
      36.57814729701918,
      12.63330521569912,
      38.60632927491181,
      36.98579312450763,
      31.00934727150865,
      46.79576848098627,
      17.672377592175685,
      39.7382751085319,
      13.444089857607167,
      13.798369531059324,
      18.160753705063073
    ],
    [
      12.51302375644051,
      24.310478741258716,
      48.11482300588389,
      22.839580252446456,
      43.18577819044799,
      2.1399017235711524,
      22.835339235990304,
      26.791393657729127,
      42.80331496985637,
      19.422766772548133,
      35.41790570896695,
      23.04494992294123,
      2.840204747606662,
      46.960765807484066,
      20.88723469451589,
      16.853260895178142,
      5.468109159132584,
      44.27949373673758,
      1.6397560026849278,
      16.145009894926442,
      11.840720411971839,
      41.17390332928879,
      34.48134882833527,
      45.01727341352583
    ],
    [
      38.33873665706252,
      14.684642139633269,
      42.83650888190668,
      14.30258386620254,
      26.674175636477,
      5.166478741045665,
      7.664293593085414,
      5.933681778992783,
      19.68890912124348,
      44.16039874134696,
      12.040193324522258,
      26.169993346551358,
      2.157176227045338,
      8.007825971908272,
      7.90740291715164,
      48.64606923858328,
      49.17306091617134,
      40.15047224280041,
      6.638971150155848,
      19.911952360634395,
      29.973306959891012,
      14.444795834600155,
      13.283386920556895,
      25.628503723297356
    ],
    [
      34.145283469986445,
      3.4998004200735346,
      11.77828415238283,
      27.311418339529165,
      9.576762778445868,
      46.437686178985885,
      30.361549925430854,
      21.387533868131587,
      28.90366387135842,
      48.95980239193474,
      12.572949039713006,
      11.354577616027633,
      25.428717221421397,
      21.72751794496578,
      35.92886198614105,
      11.084273559884977,
      24.95622582673331,
      0.6653566639613084,
      1.234208474005516,
      31.824132371026963,
      31.359222767656913,
      9.625807781813423,
      12.632394750660003,
      20.46408651452075
    ],
    [
      5.550244911125596,
      42.78312741868698,
      13.987456021790656,
      22.676544898747387,
      3.7218180715741345,
      14.549450742348846,
