{
  "N": 2,
  "d": 27.213131231,
  "a_{i, j}": [
    [
      5.16439745503538,
      33.270053545347764
    ],
    [
      49.378543489610514,
      38.91172842279274
    ]
  ],
  "c_{i, j}": [
    [
      17.748186399352456,
      39.719990728230364
    ],
    [
      6.010471603369516,
      3.40229133684804
    ]
  ],
  "s": 0,
  "t": 1
}