{
  "N": 12,
  "c_{i, j}": [
    [
      29.82001160133194,
      44.397482579957384,
      18.301998015518546,
      0.8030283970330454,
      48.31399206369831,
      10.869059739147357,
      29.742276117891066,
      30.647732232713444,
      21.514487689837264,
      4.062857532260766,
      45.270037992991355,
      44.18496059550139
    ],
    [
      23.669309955843847,
      43.940096440720076,
      18.679048669724054,
      46.92874329353463,
      42.958435215083945,
      15.74385474151766,
      39.82426665758572,
      1.9539974005839733,
      20.036589649176094,
      43.30345453383446,
      48.23132020936252,
      11.71934450235123
    ],
    [
      11.912426868987986,
      13.664123371129527,
      47.066027882191655,
      10.625730617350815,
      1.4012479929652322,
      3.299556792624797,
      14.01315753180667,
      14.270577589209921,
      11.864696537162345,
      4.065997683972212,
      9.135872676897932,
      28.07436291463497
    ],
    [
      15.865180355678344,
      30.174829929708675,
      2.8141680050720765,
      30.59072058456172,
      17.579789066235858,
      25.52734801434199,
      8.572834014686126,
      24.86059101856283,
      42.88977107584352,
      21.81421566122789,
      42.88924947015221,
      37.98947712579862
    ],
    [
      19.814297013811476,
      5.8988074063561715,
      14.64629776023556,
      39.504284566211936,
      21.905799042922453,
      19.60319825232066,
      11.467515361492996,
      42.27279694165668,
      8.162638781074167,
      6.501110278968403,
      38.763629781710726,
      36.72157210236083
    ],
    [
      40.87753097605405,
      6.56434217155753,
      30.028087226630078,
      18.318433497296976,
      49.26783122085227,
      33.651406120537615,
      18.436793346354463,
      3.2738819093428018,
      19.72800978630509,
      7.739234298121761,
      19.612278729685567,
      2.9777399827513595
    ],
    [
      44.02987398839851,
      6.096159349291197,
      26.592200272429427,
      43.792085793832555,
      45.267179610924465,
      33.690420890341294,
      14.239183345555983,
      5.677188210282863,
      15.673459540196433,
      49.92210397856484,
      16.60375025503482,
      20.83355586636203
    ],
    [
      34.11621170615871,
      23.65181136461801,
      34.610648606781155,
      29.55530978918156,
      9.400989924823477,
      31.72189961867439,
      2.5321128956149073,
      26.502439579519148,
      13.475626475538139,
      18.43402456232089,
      1.987953289965605,
      41.54026709399409
    ],
    [
      35.52431356170524,
      45.543737802210615,
      17.55123239080159,
      3.272280181393744,
      25.334637313956996,
      44.557192398430026,
      9.030186020590875,
      27.180171282627064,
      23.478832691827844,
      40.77477107466911,
      22.532712783123554,
      45.00002704518886
    ],
    [
      27.937811787457484,
      32.86818255453812,
      32.277169496336015,
      48.779246481740465,
      9.407876346117783,
      46.029948485099816,
      40.96334654840835,
      33.31719754047225,
      29.89706976465752,
      29.667450649113015,
      18.26655517545933,
      10.219431862745992
    ],
    [
      23.381424961939874,
      22.714953739737652,
      5.150635217262872,
      4.250065664797948,
      20.688309310103204,
      40.746353777157104,
      24.81869089757533,
      12.977132250909829,
      34.47590188621101,
      24.435188891978477,
      43.652047820881656,
      28.63062479465166
    ],
    [
      42.05334207495137,
      0.353040368495805,
      24.737770827615535,
      45.56560701769028,
      44.84724154780045,
      33.183156497755675,
      47.409401609372715,
      42.580252225058665,
      9.512837300314242,
      33.185130665656075,
      25.64945829092412,
      16.98077544282579
    ]
  ]
}