{
  "N": 7,
  "c_{i, j}": [
    [
      34.212130778480685,
      9.78958658737264,
      46.67846644673698,
      32.64889012717256,
      12.971987821672071,
      24.900809401790653,
      29.85549956070892
    ],
    [
      0.39641828551663094,
      45.68963829756537,
      40.263405590646904,
      39.96312071048606,
      13.033160551580108,
      26.611582080483238,
      26.82264489099571
    ],
    [
      21.244792476401148,
      25.55695822545333,
      22.608886216792,
      20.13963014270304,
      44.47955031401848,
      28.517030082065503,
      17.08389805724004
    ],
    [
      45.020579101783056,
      18.070714404670657,
      8.74808923629753,
      0.5975202563193338,
      44.586072750089784,
      13.747874217370338,
      0.30518780730934836
    ],
    [
      19.946880976201818,
      40.89840934240438,
      16.32753573419881,
      32.34609552203353,
      18.01721382966469,
      38.266225409310195,
      28.658270754868635
    ],
    [
      1.0431926437915462,
      23.881126486334676,
      26.247079586991006,
      33.213576082882305,
      34.13119808030843,
      14.699503816221975,
      46.93363113363399
    ],
    [
      22.167754128216,
      31.61315528572024,
      45.81323992214387,
      33.412390851775555,
      3.702954199639752,
      17.941352417141708,
      25.03173192045854
    ]
  ],
  "s": 4,
  "t": 7
}