{
  "N": 3,
  "c_{i, j}": [
    [
      47.00983452659383,
      43.19326049525247,
      6.476211352469841
    ],
    [
      15.564213269881916,
      32.79346784289331,
      14.545532609246143
    ],
    [
      41.43131705310714,
      5.022112204208562,
      10.321784867360794
    ]
  ],
  "s": 3,
  "t": 0
}