{
  "P": 2,
  "R": 6,
  "E": 35,
  "c_i": [
    3.963058208861881,
    16.641825410297244
  ],
  "a_{i,j}": [
    [
      9.732286805614715,
      31.358312606514037,
      35.51205314087469,
      1.0131429190669283,
      18.063408770388982,
      18.586325703200107
    ],
    [
      34.20164006524749,
      3.505188859308145,
      5.8358287462383975,
      4.280603005284683,
      48.49350114302269,
      15.65267005575376
    ]
  ],
  "b_j": [
    18.195170572132923,
    38.51302171499661,
    11.244809237627013,
    8.504155711187956,
    36.52238691741797,
    35.073031538656615
  ],
  "g_i": [
    43.943689074386,
    23.840146726302848
  ],
  "d_{i,k}": [
    [
      15.371781230973996,
      20.811292504740436,
      23.387410623966336,
      45.25620309881542,
      23.26251627074455,
      14.873064404437331,
      18.571838665809608,
      19.94700561062016,
      49.15572211450749,
      31.506761935129468,
      44.55425615594275,
      32.58425700861709,
      36.59690159396305,
      35.10371125408985,
      7.806836627049019,
      0.4817124345752877,
      2.5774064274411037,
      36.86692749564754,
      28.321867520964318,
      8.66930880438197,
      1.7559112268835664,
      42.16988149503923,
      10.639441998556315,
      2.178589136242687,
      22.735816511372885,
      49.51432053832938,
      13.343413421889444,
      27.327472845343753,
      14.012232113360728,
      49.805377318725576,
      15.122354185832549,
      43.94606638773779,
      44.4185844300752,
      18.92025449017936,
      3.4826011431930093
    ],
    [
      21.834093139414755,
      26.192317819351484,
      11.047879714260251,
      36.36923180023988,
      5.504823934206193,
      36.864777712822246,
      22.412467780139078,
      46.538734632535544,
      35.069349379284795,
      35.22516519233411,
      27.883612958395233,
      17.547885625587238,
      26.57096704407091,
      19.90167814127573,
      40.53209508940693,
      2.670022099517133,
      24.917261230067737,
      48.81691840520689,
      0.5921370069904008,
      42.954197119322586,
      7.943929599165966,
      3.2320927737553573,
      40.81997747650323,
      12.083047934565627,
      20.14016609138315,
      20.276580242643938,
      10.474263775414967,
      35.277180946292894,
      3.6275170082557096,
      0.2365906579065713,
      49.19259225625883,
      26.76441720037916,
      24.965055142902177,
      30.96078580687836,
      21.571787163341217
    ]
  ],
  "e_k": [
    41.569664142948206,
    49.49314867796106,
    14.706111259044102,
    9.741653800661854,
    13.730997258367783,
    45.68908398688667,
    14.16954160475824,
    20.64179091396405,
    8.838757982098544,
    19.78950779259912,
    28.213993084703187,
    33.71451772845278,
    41.475831104415185,
    39.28128540093871,
    29.912080191744128,
    30.504349865910683,
    22.01428128157501,
    45.470617070459454,
    0.8469444805327853,
    22.087776547450215,
    0.4121468746882684,
    15.321780345590364,
    17.5144682428515,
    0.5282015281313501,
    37.50148554787963,
    25.02928603957236,
    40.073844080415405,
    13.271594032240408,
    13.05027524273723,
    1.0935031875275503,
    42.5203502044773,
    49.47281184462526,
    48.388585663837105,
    45.491675279871735,
    27.82212078629202
  ]
}