{
  "I": 24,
  "T": 7,
  "c_i": [
    43.431269684399695,
    -33.26087639405898,
    19.39367421539393,
    -1.9439610211341432,
    -16.789887685698936,
    38.96838238072506,
    12.239769040558649,
    31.349054436532526,
    38.09332084924155,
    -40.98866151024659,
    47.923160366776685,
    -35.40358029411552,
    -38.73872168232299,
    -2.8571322099650516,
    11.464160525868238,
    32.6410924305425,
    -24.51286265822572,
    12.863488639661846,
    7.416754336058716,
    10.761011104250997,
    22.18791130714034,
    -21.008086131747206,
    34.53103144268984,
    -15.614081257375922
  ],
  "h_i": [
    26.2845746590324,
    9.498863051995109,
    -9.997094184313639,
    0.31003859982006077,
    -38.703569920393456,
    9.80181297360626,
    45.12710330168382,
    24.582022232079893,
    5.663048213627931,
    37.3902197782442,
    -42.771135598778834,
    45.00028361836654,
    0.4473650817061099,
    24.743804782692862,
    44.156592674555526,
    0.5867159446684482,
    3.776935596959106,
    -32.71437187250685,
    32.75304912729126,
    -18.38167085423673,
    18.084237079224906,
    24.34145360028468,
    0.21714177878157415,
    -3.9223258250986746
  ],
  "q_{i,t}": [
    [
      18.118721183409587,
      28.276054146801837,
      44.83514667371477,
      12.549417552904796,
      1.4911254507394334,
      24.384275263909565,
      24.800865670881034
    ],
    [
      11.489222044389258,
      41.974471685832384,
      26.64053373108028,
      49.809471835572445,
      31.272348713371233,
      42.95102625870529,
      33.51513470059887
    ],
    [
      19.31344982692916,
      43.62627746562245,
      13.024289381989352,
      10.39821598536711,
      39.868042881276224,
      40.85333974135174,
      28.91659141717457
    ],
    [
      2.959128880410089,
      15.599837846036996,
      0.11146314913104138,
      9.211288873663548,
      44.589707814445674,
      26.61136942164708,
      30.079980497258376
    ],
    [
      22.24045097580582,
      45.051544428387366,
      4.229890364556288,
      41.577824662216905,
      12.800994877450195,
      26.113727338684818,
      48.92049173210143
    ],
    [
      13.642148711411222,
      24.35432028150663,
      30.27804591778058,
      30.452918260835617,
      19.099874804577922,
      8.992474639836946,
      38.02894349904069
    ],
    [
      9.360083233639605,
      39.46583641373451,
      39.240754430730576,
      29.547451064556977,
      33.73515490989462,
      29.19316263946264,
      39.57855999963282
    ],
    [
      39.514443289083594,
      30.891116623256003,
      27.83752719739424,
      20.46681907760751,
      31.782519930965037,
      10.847801060755286,
      20.589893604413355
    ],
    [
      31.140678706491293,
      5.801804819245176,
      28.97196590065259,
      46.22744771115958,
      44.73347002172539,
      48.87675229749687,
      38.953652260599306
    ],
    [
      17.914807507777397,
      2.2749670091703864,
      31.319082616548066,
      21.462053142123338,
      48.13579061581457,
      17.60922562440127,
      48.22802261466145
    ],
    [
      11.027474136793225,
      14.209852496124215,
      39.339377617680285,
      46.043030375222514,
      16.917471261545526,
      40.2500374356951,
      1.7149233337759473
    ],
    [
      22.02091701012259,
      4.5519838514534285,
      36.44267599885472,
      14.129398674636812,
      9.231204218245558,
      9.481299384307423,
      43.18849541391273
    ],
    [
      42.727482303865536,
      35.631490568946624,
      37.00733582759084,
      10.693100533387916,
      48.51532140723826,
      28.372198749332256,
      29.051861358079705
    ],
    [
      15.317477044680022,
      17.276614397353544,
      16.358547059439616,
      47.969442075961474,
      16.52976859534725,
      5.159412930680995,
      40.62835622765566
    ],
    [
      33.57205841532723,
      46.619330750610594,
      17.15030254098139,
      33.88497459229434,
      1.2837877353945537,
      34.316489743678325,
      8.161611091399646
    ],
    [
      21.388866280305407,
      40.45377470359541,
      16.478740512074307,
      26.896744787611972,
      40.64040461459526,
      24.996817197784022,
      7.6029774124085066
    ],
    [
      22.973071812296393,
      36.69653071132758,
      41.19832987414851,
      38.82584927376459,
      3.3174807477155346,
      10.66810229949185,
      30.67976313021849
    ],
    [
      28.2178620397186,
      30.372926025526304,
      47.352944272336586,
      0.3365169859295636,
      2.7210306651340224,
      12.168655937978789,
      6.434706528456058
    ],
    [
      18.45923549388781,
      43.19003258965824,
      19.430436742536383,
      37.05365610695728,
      23.59310325273235,
      42.567429101211815,
      37.5037682054594
    ],
    [
      31.263251871091164,
      3.8174016540282905,
      16.05909285973906,
      29.727315537784172,
      30.36924791090538,
      39.07178883270179,
      44.56443243042234
    ],
    [
      34.115478413002585,
      23.649654030857683,
      8.146735562221934,
      25.005351660899155,
      13.580397825978618,
      8.259667887505257,
      10.376635965277314
    ],
    [
      24.976232427827593,
      28.7147791744856,
      17.177435515154276,
      1.2052845383307365,
      27.230690273044537,
      9.943448514764896,
      45.86097939841391
    ],
    [
      39.1695940531066,
      0.582728940526217,
      11.451648876310822,
      29.33050411061957,
      36.32084144618228,
      16.2469975194458,
      43.44759057858133
    ],
    [
      8.369064803114428,
      12.243521400312673,
      17.52664252303961,
      6.520480868769074,
      31.31665492526191,
      19.77600555138366,
      29.187260228790414
    ]
  ],