{
  "P": 21,
  "R": 6,
  "c_i": [
    -11.29594009185719,
    8.957301969628361,
    28.088930030513453,
    32.278612302809805,
    9.460935639438674,
    26.79397521613768,
    -40.681757194211954,
    -34.17317574266288,
    -48.397953403597015,
    -39.0892706997118,
    -1.7157766142104194,
    -19.697322911800086,
    -7.199569523818674,
    47.168573089669394,
    -47.11600725765875,
    -26.022584771448987,
    -22.968634969380876,
    -13.734898619174821,
    -12.998179399488407,
    -18.87178180902208,
    34.526284202605936
  ],
  "a_{i,j}": [
    [
      1.360247781433055,
      27.352220922723752,
      3.4719722254074714,
      44.48248499884067,
      40.81604474766145,
      16.849794189173345
    ],
    [
      4.472692754043978,
      22.005286670782116,
      1.5891290921928536,
      7.1209449015461725,
      16.60726367438236,
      37.15550341501924
    ],
    [
      25.46682729729181,
      37.634116349338534,
      7.229966163013818,
      23.37424548701788,
      48.348677125126486,
      0.6311419232953364
    ],
    [
      24.34729303579635,
      12.578493763913729,
      0.3052930829266276,
      30.53478043547718,
      35.16901750473861,
      11.121930111795141
    ],
    [
      28.800926144157163,
      18.674551887025604,
      12.489712132514708,
      2.40549402532832,
      27.37769743125597,
      2.690397660097826
    ],
    [
      7.544431785596862,
      34.00934192428897,
      17.40751705205238,
      15.88743719521879,
      21.79831734438774,
      8.586408089418136
    ],
    [
      29.117543324994845,
      19.59301138429584,
      13.323925812272307,
      24.60822414324791,
      37.07186101024032,
      0.5162539836035984
    ],
    [
      13.536235886505644,
      27.062183633683862,
      37.82727478744747,
      48.28969122187487,
      18.81636875867746,
      34.931194120356615
    ],
    [
      48.490613816867054,
      46.64163413651752,
      27.032581728510635,
      14.883962051566291,
      4.198799942816967,
      45.87913077381177
    ],
    [
      31.848486092801327,
      41.53531243691931,
      48.71090114934492,
      34.53550833169352,
      41.35821794935417,
      32.95443115398085
    ],
    [
      16.575022322628165,
      37.81738278273681,
      33.276229296476295,
      28.925703434834805,
      44.489294698084656,
      34.24925755717652
    ],
    [
      8.70319333790257,
      20.55442812306511,
      7.863676824865201,
      26.849106778499713,
      20.174582688188803,
      25.615224217970923
    ],
    [
      41.852396962254666,
      20.041356195430364,
      15.318357107499963,
      2.195911466662437,
      38.70671131252389,
      13.637667069614935
    ],
    [
      24.685142230855504,
      14.064236084638704,
      2.6609637952416607,
      20.17373784704156,
      34.49394021917577,
      40.618322420781375
    ],
    [
      13.83618196667456,
      46.83645755700862,
      16.737926072732,
      12.983004491530703,
      48.562748264050434,
      37.62738891666847
    ],
    [
      32.058993722348575,
      28.841817177337585,
      32.85133544293971,
      2.4061670674710656,
      47.746898703720284,
      22.212686767422507
    ],
    [
      42.755828658169534,
      23.37038682516595,
      13.135425512419907,
      38.31755523108904,
      32.657236565621695,
      6.951315340228548
    ],
    [
      11.423834093714525,
      28.81307914808901,
      6.149632754148571,
      4.7237752096431995,
      36.147429796694766,
      17.880669449606025
    ],
    [
      10.739614556899257,
      16.277511416656225,
      36.13994040579983,
      44.88670982217143,
      14.953675624351447,
      36.13470420234042
    ],
    [
      2.9353216990820608,
      7.139515247718431,
      2.0982313068029668,
      39.38811638200942,
      20.35247407228641,
      31.526915378472868
    ],
    [
      11.68994737200344,
      38.69377233417387,
      15.07229731355576,
      33.48244552613172,
      49.96730920462665,
      8.449086813723971
    ]
  ],
  "b_j": [
    47.40497016528079,
    47.970136847094345,
    37.16930787133072,
    47.39560551320518,
    9.036039423279258,
    33.054885117050446
  ]
}