{
  "P": 5,
  "R": 3,
  "c_i": [
    -23.757940844856417,
    11.660696607946143,
    -0.5224974652200274,
    32.62308133266899,
    40.251182583528745
  ],
  "h_i": [
    -23.814379173945312,
    28.458147004726825,
    1.2904578261320623,
    -21.37407907012606,
    -47.73488893976952
  ],
  "a_{i,j}": [
    [
      41.1254378880297,
      10.718882842443978,
      37.30281795219095
    ],
    [
      11.388136305353713,
      26.716991617775886,
      15.383529756627468
    ],
    [
      26.6415036212441,
      44.945218406074936,
      41.312628295470546
    ],
    [
      28.44358233779678,
      2.303282665061962,
      19.503903973182545
    ],
    [
      22.027166495206057,
      7.036335393545478,
      9.455668118831639
    ]
  ],
  "b_j": [
    29.970225855726575,
    34.097428278664125,
    13.423755408531468
  ],
  "d_i": [
    18.002687152900794,
    16.40280805184754,
    13.544216121123965,
    26.075577022956676,
    49.59707815195455
  ]
}