{
  "N": 15,
  "d_{i,j}": [
    [
      47.204584978425245,
      35.980779220072485,
      47.683297145220294,
      16.205981112513367,
      27.559146472727246,
      11.083862624606056,
      36.38579778251223,
      1.6516999307622793,
      32.538045816548184,
      46.74600973431225,
      27.34282016843611,
      40.346782215355674,
      28.547396065928947,
      22.460206302812058,
      45.411630407308635
    ],
    [
      0.022101042968708517,
      47.474486625763134,
      47.04951506235018,
      15.051962424277221,
      4.0722633583807895,
      43.25453936026137,
      22.38229699563276,
      27.823600167259592,
      16.448919855350336,
      38.29744142037585,
      41.09317933509171,
      44.638204027907555,
      8.026800280578156,
      11.547941337601896,
      31.59417114131371
    ],
    [
      35.34843954763633,
      6.193842488248541,
      18.857848681834522,
      14.535432117102415,
      15.660066910708853,
      24.24494874144975,
      16.46964108267771,
      0.8421549824789543,
      19.165625134996013,
      42.05270722327285,
      36.509659496941104,
      37.69342274698882,
      8.905229402956477,
      13.673617001645926,
      7.477779442839482
    ],
    [
      34.407991979453016,
      14.480097663427255,
      21.899365632942843,
      43.11967055570258,
      17.896495499470905,
      38.52001730634147,
      35.6926152180159,
      44.351604684629685,
      46.057724490148615,
      2.265580150960411,
      24.425984738082146,
      33.114159982621985,
      13.368856198820373,
      47.713451608868816,
      5.747092440623602
    ],
    [
      22.35791820699659,
      44.757378864975564,
      37.89723705789243,
      16.445827470982948,
      45.84530598859011,
      47.89926015530284,
      17.73269420270671,
      23.184095740256165,
      27.695614369378426,
      37.65240802958248,
      2.365125501670912,
      1.9328057354044248,
      9.541875726469629,
      16.280989909245946,
      1.91728974627568
    ],
    [
      29.453580965676494,
      2.9006175643807754,
      39.98848189921024,
      36.31502333752028,
      12.754955587105382,
      19.94405352638567,
      15.127919612076845,
      37.243657067845945,
      6.3766413372338455,
      35.56946095727673,
      8.65667163867792,
      5.432287865910529,
      46.66384390130215,
      22.70010485859614,
      16.943925379428148
    ],
    [
      28.83911400965608,
      1.2995714090122679,
      45.94113556403261,
      30.504018096176516,
      29.63830531386103,
      31.276424640121007,
      26.655409231475453,
      26.560980855824017,
      0.5699190515359664,
      42.76142935310072,
      30.62779355678335,
      15.731967540040964,
      40.25943705908243,
      0.2203806116155893,
      41.38848343854417
    ],
    [
      43.24911406091909,
      16.536172975378687,
      25.391472845563552,
      34.41575541440288,
      40.703023456006264,
      25.4482713914325,
      6.102407174798197,
      37.62316310922913,
      27.002606615783524,
      31.13187071162012,
      11.758374979811014,
      27.52516463322262,
      13.646996038434045,
      10.134332579830973,
      40.407944215078835
    ],
    [
      21.245241846311924,
      37.51991842084107,
      45.70183088858788,
      34.61128372541701,
      31.70822252629136,
      12.897834613690002,
      47.1149712421355,
      23.575031622049618,
      36.70409139433682,
      22.72109268626957,
      18.351155764707645,
      41.72261515281995,
      14.396689857182189,
      18.688819757659168,
      20.057650343582
    ],
    [
      3.8525578404368597,
      32.69696630015921,
      37.38908105968554,
      26.014998065741867,
      32.553935466673614,
      46.415024064921624,
      0.876072279178336,
      33.61521732876236,
      4.216877667116825,
      41.15926725719511,
      9.583182601397644,
      49.856770797457386,
      43.77187678989895,
      30.00538431703854,
      6.681189972465179
    ],
    [
      6.855443732333683,
      18.463365721669227,
      40.47050749685556,
      34.70495235615355,
      3.7740723979373336,
      14.664787651122168,
      45.28972213908286,
      29.547454171477355,
      44.45232503692303,
      14.915312249625256,
      43.60085635201392,
      30.87210309481261,
      35.91675922872154,
      41.05616437513323,
      8.67541543788789
    ],
    [
      22.73373484269991,
      33.928709233620246,
      28.362492085568746,
      30.727235142775783,
      16.566144717975735,
      16.7841316213304,
      48.277380714330945,
      22.95203575155344,
      24.341936818774883,
      13.807806086591839,
      18.568039128057507,
      29.615526467979514,
      1.54220356763356,
      15.664030536296119,
      25.702644403033474
    ],
    [
      40.42023603803013,
      23.5750781567864,
      2.1689718900872847,
      25.33174739758357,
      8.100088079572393,
      13.49391160892688,
      45.5819806329371,
      41.52970051960893,
      10.850335866899291,
      34.43454697408414,
      16.223000761080602,
      28.864968240189587,
      34.36955897340444,
      32.20849670772261,
      33.39734790084164
    ],
    [
      23.951788313022366,
      3.6278191821268733,
      37.861470256846644,
      19.08105681682794,
      20.035912803178014,
      8.000809126269793,
      2.924258193561596,
      1.9781195856952594,
      32.78499342693774,
      25.765362454899392,
      27.181953250532782,
      27.288606972248637,
      45.00450329279258,
      39.299759001477156,
      21.15374044353872
    ],
    [
      44.21982215146845,
      9.551730354724947,
      39.80604241908646,
      13.931791620855522,
      45.72639990452203,
      22.605126488316863,
      22.98045270842792,
      14.920808070578012,
      0.8482697013703688,
      27.844511861532318,
      15.444326902253119,
      33.74900758524043,
      31.22026342310324,
      46.92618919762697,
      41.494296104800725
    ]
  ],