{
  "N": 17,
  "d_{i,j}": [
    [
      17.465558394723267,
      9.120740184485381,
      20.498026159101585,
      14.131971193799625,
      48.184612022068265,
      27.376911485278686,
      37.79235812915545,
      20.703193757953404,
      14.926746898904792,
      36.904568656987905,
      19.868613636049215,
      10.669900586990632,
      11.491403188765743,
      43.59671028177019,
      10.784931334759001,
      38.0888644944359,
      7.123427252131326
    ],
    [
      21.2693741130478,
      11.726444683798492,
      28.906827391806527,
      40.41288994060809,
      20.006500615805468,
      25.65111348725947,
      43.05036248431946,
      30.522359274306215,
      7.2557497168899365,
      5.6550060821249915,
      29.768462535595262,
      33.39486347665696,
      45.36600173877874,
      40.153788623098286,
      35.48867424902402,
      22.044836864734734,
      28.99854866458704
    ],
    [
      8.85790289609789,
      15.360066796340883,
      13.651991514299871,
      21.037842301896482,
      27.993267039053716,
      45.268393252399704,
      24.019174318850546,
      24.287745564555486,
      11.880900861283278,
      47.99176024022951,
      42.6478030951627,
      33.11402773533022,
      29.8176923508746,
      23.293474712267987,
      20.468917880258168,
      8.531586735985819,
      28.8161651321563
    ],
    [
      25.398018916943517,
      29.23626944608968,
      42.71929498773071,
      36.716047526712785,
      18.03397370253746,
      37.717151147996546,
      18.894224426858912,
      1.103753913029798,
      17.809659296920593,
      0.33547025237219974,
      21.479784967387296,
      7.887095265850824,
      4.227173967774656,
      48.75059474092555,
      20.10931137001663,
      17.88547726384784,
      38.47410186263588
    ],
    [
      29.23849421686032,
      33.46365892912871,
      36.03166077602888,
      45.77750105142419,
      9.261529736496794,
      27.412550717922983,
      34.55963968651679,
      11.901592126766559,
      3.956571861472363,
      38.604045415663734,
      2.960209657871793,
      13.136258648062988,
      0.599672664950357,
      36.56573120178749,
      49.83592607668813,
      32.029322756252945,
      1.5285115077400324
    ],
    [
      16.991763606229586,
      14.870935250159938,
      33.478319670072885,
      47.541430482926614,
      8.396670503953791,
      23.447714585931017,
      2.735462794760318,
      2.535366940565531,
      19.57096038330168,
      34.930221971642254,
      38.81002865819151,
      31.27926313388843,
      40.25025730600589,
      27.359090830522646,
      36.475639597910686,
      45.68356924529333,
      35.029067585465306
    ],
    [
      0.12281708431804983,
      32.69353001812128,
      36.67516982532534,
      49.82399683187612,
      31.664439525897304,
      43.1206193860886,
      6.518780675499297,
      3.9137980515564443,
      17.262010489570123,
      34.64128389434294,
      33.283986854123995,
      42.1921626048812,
      0.8874019961405466,
      9.178192515079514,
      25.395137856414102,
      16.61931065204571,
      49.278215280493285
    ],
    [
      43.17128269250471,
      20.5753725122104,
      45.672240431651204,
      26.513819389168603,
      44.77000786342311,
      38.09950989046152,
      47.359684763140756,
      36.421718045666815,
      9.245581726953024,
      34.5584481380043,
      20.93844695680075,
      31.52723807773345,
      39.39888554137172,
      27.121396170228994,
      7.227967833803839,
      28.500209476225084,
      7.809084799073601
    ],
    [
      12.304420302194806,
      30.99380189534783,
      25.841529843127336,
      41.09550213022014,
      6.2418240319820235,
      8.722945846203473,
      12.492614982251293,
      38.344258805997704,
      34.72577429466756,
      35.87429699067909,
      25.136421133328042,
      23.54201334931698,
      2.3182153769742033,
      47.38873397011401,
      7.0771201023751225,
      10.779144221468623,
      31.13344615941511
    ],
    [
      47.24419744940251,
      45.62532252313975,
      44.02745633788566,
      38.59750062528043,
      26.659055010570825,
      4.285460855116302,
      4.412856343360821,
      12.540628897087663,
      35.61386630819124,
      39.44296020003099,
      0.31549105853482806,
      11.835559044176764,
      40.6762687915118,
      22.59230144656412,
      22.714699114178828,
      14.951827383491773,
      7.180987258296756
    ],
    [
      46.996360107398715,
      38.35341316188388,
      34.70431614701222,
      44.38022411388907,
      46.7999642986677,
      11.151507122981542,
      43.71889442408437,
      10.545994550939303,
      26.826205458816872,
      21.36014625607587,
      16.838863906447983,
      39.630438213165846,
      9.353242250556287,
      2.7528249700317198,
      38.08108148438667,
      21.903512346837946,
      0.509929186309932
    ],
    [
      7.900107047933103,
      38.27859138382413,
      44.65394105787945,
      44.061535953449244,
      2.8170318763251547,
      28.424768419840163,
      33.10752472111955,
      47.63987883588337,
      34.98306806322376,
      19.268139330666195,
      37.11457831916777,
      16.07046963585686,
      25.33522258319387,
      12.553686783596946,
      2.0012719051877905,
      11.11418026933344,
      15.224272215820168
    ],
    [
      5.347761649942761,
      19.01055403950013,
      28.552533642438497,
      39.42177840044203,
      44.422056812965174,
      15.700885473489896,
      37.1358211815978,
      47.11760680277677,
      31.36904497737757,
      25.590013060875748,
      40.815850354628,
      0.9735384611968823,
      22.44899255044822,
      34.51404647045175,
      37.94581372274137,
      40.96260037264973,
      22.041596733666474
    ],
    [
      42.585986360455244,
      4.913576773140832,
      11.799324959218882,
      14.720120958850542,
      14.74244989256941,
      48.748803403419736,
      21.54116980277143,
      14.250486283545138,
      7.448754812387803,
      27.168897260623492,
      11.862235322899972,
      48.64052992776642,
      35.33588351067017,
      17.150999850581744,
      49.49719699345747,
      38.48452843824095,
      14.557670807974098
    ],
    [
      29.094897719449758,
      45.4422870607057,
      21.18525532329671,
      6.762265425356878,
      10.089917400256477,
      21.478837967057125,
      2.6358239691335217,
      15.940116480473709,
      38.76744349030366,
      17.058100710328794,
      43.35768547314965,
      2.254679793177555,
      16.571475961868842,
      18.019712403095067,
      46.44858772121572,
      7.640794418764396,
      14.986123039015558
    ],
    [
      17.529582406352546,
      5.436369151625886,
      8.480801069310735,
      26.418473938241988,
      43.8642630077434,
      41.923212602738204,
      28.0069006005565,
      37.48882686656558,
      1.8729597039093715,
      0.021343767558695825,
      28.267162880291497,
      4.003312179163116,
      10.202312466015234,
      24.184773141162104,
      31.063306097656675,
      11.497675592514767,
      9.051338780604206
    ],
    [
      25.65013333491995,
      6.645761233950004,
      30.39103313806619,
      16.1024865068772,
      7.389785232750567,
      12.070372361073495,
      28.049910443517202,
      23.206081715345718,
      18.12858084665122,
      35.8526165037147,
      22.904823563193215,
      40.75575102374269,
      22.720659010398077,
      5.811504343161045,
      17.90804049979756,
      12.523229570810257,
      15.140113721992176
    ]
  ],
  "s": 6,
  "t": 2
}