{
  "S": 31,
  "D": 37,
  "a_i": [
    25.784230187988577,
    1.3284862240043438,
    32.50961950721708,
    29.485871778996415,
    44.88873487404834,
    17.371495838206584,
    17.947183040829895,
    36.243718114097874,
    26.435031151171184,
    30.74971412416995,
    48.818150914356565,
    35.396567493486245,
    35.05917878571273,
    49.802824707934086,
    7.833162201695288,
    29.219805447380804,
    11.395616636893752,
    33.375700580431435,
    18.575311597134096,
    37.121200375471396,
    8.581541211455301,
    29.33907328362363,
    7.734386430152068,
    42.23500759655498,
    12.511866283941481,
    17.313466282054428,
    14.449900743474808,
    44.21253879022179,
    36.024878324307174,
    0.9241970681511669,
    36.21222860644806
  ],
  "b_j": [
    23.46428542812515,
    2.433999564871919,
    5.440086496092345,
    20.922534795180308,
    14.043417582570688,
    39.94272211009728,
    40.116753099241194,
    30.961097415831972,
    29.23569574610136,
    36.234634559306414,
    26.499549129432825,
    22.61507511150383,
    6.898161332339719,
    18.211946524932188,
    14.191532651943678,
    3.6532594344203417,
    15.172175348775118,
    29.31873017192545,
    10.55130871254808,
    18.729301996496012,
    7.078448331913406,
    38.611459198944985,
    2.525468966091676,
    28.716743945236068,
    33.98228576308421,
    23.374328220364816,
    33.01056054353264,
    11.23413779393075,
    17.434066469464426,
    19.490234779022643,
    49.96021536598859,
    36.654115375182535,
    21.87931455363885,
    28.907097105097783,
    20.42055949067838,
    12.423141379729973,
    39.42381200293018
  ]
}