{
  "S": 34,
  "D": 16,
  "c_{i,j}": [
    [
      3.378620321945264,
      22.381742721156783,
      2.4787131723183977,
      30.023552572928878,
      11.49462179871753,
      26.918585196783372,
      45.22116303302494,
      23.648646986582506,
      26.02925031221725,
      41.04923475586513,
      7.88895956627636,
      25.24794701939076,
      12.843648002969626,
      18.33371640378801,
      41.87548574143399,
      10.364987172225614
    ],
    [
      36.95390956176329,
      28.40210307142148,
      8.570184628153166,
      34.52774333896295,
      17.797136000058533,
      9.826198416649257,
      33.86021285144742,
      49.332036318310514,
      4.762058364148103,
      45.91079766345059,
      9.480644033982982,
      12.797982580420847,
      5.3736980362265205,
      19.50540262483742,
      17.088520380640627,
      1.5902867375270413
    ],
    [
      11.94458669223472,
      6.454220297522761,
      47.819897562363764,
      3.6141498534327186,
      30.652994526491007,
      5.3060656576821685,
      36.50566421917594,
      29.768245914351372,
      48.57684006929296,
      34.79557237614282,
      28.812847971221363,
      44.7701738760011,
      10.897884086491128,
      46.09811781741296,
      13.210465102312957,
      11.636449339278677
    ],
    [
      15.771008442062556,
      31.44217050796178,
      24.38684154666894,
      25.352889465942635,
      46.71616768218798,
      45.54276659523066,
      6.672239452905054,
      12.02632401091684,
      41.15532995056388,
      33.763747531035385,
      13.220782457588754,
      25.305624387561128,
      1.2928657666295806,
      21.079993759624386,
      48.52770544245416,
      15.815876371278954
    ],
    [
      37.55749596902101,
      36.95096236816163,
      7.726332682549936,
      29.416268189776872,
      16.55995382274238,
      30.001433752261946,
      32.77517225360626,
      29.755477392843705,
      16.512495292142006,
      21.084561465440466,
      25.133252802037294,
      25.908470496282764,
      2.259996471393222,
      22.2770450449522,
      0.8742233730853866,
      44.04092135582184
    ],
    [
      37.783027039388486,
      30.058044799155503,
      30.59043819044358,
      12.554440330158279,
      19.109393032618872,
      27.33415329584206,
      18.568462058118797,
      12.953318632184224,
      47.41658359700372,
      21.395741292523713,
      20.98224371957398,
      15.691488390563467,
      29.419098319708148,
      41.58620389795517,
      5.265894690330897,
      46.71342724604027
    ],
    [
      36.574411590809554,
      31.93273351624094,
      5.440109776569013,
      19.478711866651043,
      10.44089476893168,
      30.153612518940182,
      37.731328690525416,
      17.989546882669078,
      22.703116940974173,
      3.613642880863055,
      45.10045186741088,
      26.146537900433003,
      2.535460720059024,
      34.58209587026514,
      48.66604982361393,
      28.314292989291385
    ],
    [
      37.28743461524704,
      7.7305099805363655,
      0.5231063527130486,
      10.329590500037222,
      0.1445938020507631,
      18.442703016745625,
      24.621925662917267,
      17.420791222418337,
      12.67290824353503,
      49.71640055688694,
      48.45036187281767,
      22.712762444952062,
      30.01235999309474,
      18.936075868380946,
      6.161632472998862,
      26.342122342417063
    ],
    [
      35.48235529898611,
      46.734249714341814,
      32.098593828134874,
      36.38547639080465,
      38.82578915963563,
      4.951478299899143,
      5.725460243517438,
      6.47307764970178,
      3.2338468484915395,
      39.599921702050004,
      10.53107777104617,
      27.030336120121483,
      29.026271103542406,
      48.39501428718231,
      13.474090265163447,
      44.41884297696148
    ],
    [
      46.53510284494638,
      21.13607619096812,
      0.46094522855295583,
      31.072847130934083,
      33.789379024927634,
      6.956215480218803,
      25.108515991180973,
      15.599016923697567,
      32.32022339381231,
      35.606713640520084,
      46.69930297401788,
      45.23046633011162,
      12.038408761619396,
      23.11244217502842,
      48.65563489088154,
      47.33171208127436
    ],
    [
      1.5724743374550987,
      40.41617493927705,
      4.063841183161642,
      43.975984095247675,
      42.604586242797915,
      13.685210200477826,
      38.754572696742116,
      46.23585765980988,
      48.06523624630059,
      23.512346166592295,
      46.098099095737474,
      40.13548831283007,
      17.76206675594848,
      20.592827683228094,
      30.335106352427182,
      25.388334868230643
    ],
    [
      17.394652270364645,
      47.47037543621545,
      14.420072710187304,
      25.62766672740933,
      49.943448826397315,
      40.88852704329074,
      4.963192428945412,
      18.10959147231233,
      48.6891685518548,
      48.87464229351597,
      42.75898596799485,
      27.71856585542035,
      3.0554463838670887,
      10.174751934450132,
      40.1563223605295,
      33.817013798490606
    ],
    [
      22.06512376253765,
      42.00967077982683,
      12.959792076719252,
      11.058367416597836,
      37.852872715193314,
      12.867909169279839,
      4.364971074748886,
      18.437267761048982,
      18.90838841694792,
      34.62973891291003,
      47.27685752120289,
      43.61925858047736,
      0.14751957435405472,
      23.024710081664875,
      7.743134937469992,
      49.228530941314176
    ],
    [
      41.22791347568003,
      48.59759005450947,
      16.76890712043103,
      36.71112612880064,
      41.76418723210908,
      11.3069196272373,
      9.836343710063938,
      30.952077187739906,
      34.18670043028869,
      49.9314747850744,
      18.43196010426752,
      42.87009640102072,
      49.70442494107768,
      49.46333635288339,
      48.94580857270331,
      21.35368372376476
    ],
    [
      19.56185940620007,
      0.047685481698123144,
      26.730610540450776,
      37.24382668113028,
      26.79110680971061,
      19.123946032798067,
      10.308460126163189,
      25.55161840268707,
      19.621486232981667,
      11.42483950364444,
      27.90515353843059,
      21.72719919478855,
      28.20934453926995,
      47.881505483510125,
      36.80290618217357,
      5.5449468294400726
    ],
    [
      49.09359685670243,
      9.664448991002871,
      31.63356054589677,
      49.18799008914747,
      34.79422180871209,
      2.509248996508134,
      25.620226400666073,
      21.842908406323687,
      34.12119864791879,
      12.46832391826863,
      11.573533007889193,
      13.877929588405902,
      40.628367837328014,
      0.8066677374875653,
      32.859298844258774,
      13.722212387285193
    ],
    [
      5.142555676390003,
      40.59009964303297,
      14.819672231630959,
      44.811690248568894,
      30.912779726475776,
      34.675934961351885,
      23.54860996126597,
      49.55741465470035,
      23.71737139520418,
      33.6290637666131,
      37.56436916211681,
      6.704348348736327,
      35.40548919731748,
      37.616336361338384,
      32.33696703885894,
      25.853948398732836
    ],
    [
      32.42685596410683,
      17.132008622208065,
      49.179172597458205,
      4.128223948550924,
      17.034367531359717,
      40.144347316754455,
      23.132867582595118,
      49.300747184715256,
      0.5197713525925962,
      8.02184912547878,
      19.57522374778284,
      42.84177690258989,
      16.83361483180072,
      44.88285092403857,
      42.56032180985613,
      34.6305657680887
    ],
    [
      11.897245080705316,
      48.034721582347835,
      44.319423168786415,
